股票代码,股票简称
600519.SH,贵州茅台
300618.SZ,寒锐钴业
300616.SZ,尚品宅配
603986.SH,兆易创新
000661.SZ,长春高新
603180.SH,金牌厨柜
300676.SZ,华大基因
300613.SZ,富瀚微
603444.SH,吉比特
300176.SZ,鸿特精密
603833.SH,欧派家居
300567.SZ,精测电子
603799.SH,华友钴业
300628.SZ,亿联网络
002812.SZ,创新股份
300624.SZ,万兴科技
300661.SZ,圣邦股份
300685.SZ,艾德生物
002912.SZ,中新赛克
002304.SZ,洋河股份
000538.SZ,云南白药
300642.SZ,透景生命
300725.SZ,药石科技
603595.SH,东尼电子
603039.SH,泛微网络
300571.SZ,平治信息
600276.SH,恒瑞医药
600436.SH,片仔癀
002925.SZ,盈趣科技
603160.SH,汇顶科技
300554.SZ,三超新材
300572.SZ,安车检测
603978.SH,深圳新星
300679.SZ,电连技术
002841.SZ,视源股份
300732.SZ,设研院
300668.SZ,杰恩设计
000513.SZ,丽珠集团
603096.SH,新经典
300695.SZ,兆丰股份
002821.SZ,凯莱英
300630.SZ,普利制药
002460.SZ,赣锋锂业
002749.SZ,国光股份
300677.SZ,英科医疗
300308.SZ,中际旭创
603127.SH,昭衍新药
000858.SZ,五粮液
300738.SZ,奥飞数据
300450.SZ,先导智能
300696.SZ,爱乐达
603883.SH,老百姓
300700.SZ,岱勒新材
601318.SH,中国平安
603579.SH,荣泰健康
603737.SH,三棵树
300706.SZ,阿石创
603156.SH,养元饮品
603801.SH,志邦股份
002916.SZ,深南电路
300691.SZ,联合光电
300226.SZ,上海钢联
000963.SZ,华东医药
000418.SZ,小天鹅A
300602.SZ,飞荣达
300558.SZ,贝达药业
603338.SH,浙江鼎力
300666.SZ,江丰电子
002887.SZ,绿茵生态
300577.SZ,开润股份
300672.SZ,国科微
300713.SZ,英可瑞
603871.SH,嘉友国际
603816.SH,顾家家居
603078.SH,江化微
000938.SZ,紫光股份
300623.SZ,捷捷微电
300508.SZ,维宏股份
603260.SH,合盛硅业
603716.SH,塞力斯
603040.SH,新坐标
000423.SZ,东阿阿胶
300482.SZ,万孚生物
300607.SZ,拓斯达
300601.SZ,康泰生物
000596.SZ,古井贡酒
002594.SZ,比亚迪
603939.SH,益丰药房
300523.SZ,辰安科技
603288.SH,海天味业
002876.SZ,三利谱
300474.SZ,景嘉微
000028.SZ,国药一致
603458.SH,勘设股份
002927.SZ,泰永长征
600809.SH,山西汾酒
300595.SZ,欧普康视
300357.SZ,我武生物
000568.SZ,泸州老窖
002230.SZ,科大讯飞
603776.SH,永安行
002466.SZ,天齐锂业
601888.SH,中国国旅
002773.SZ,康弘药业
603233.SH,大参林
000333.SZ,美的集团
300699.SZ,光威复材
002832.SZ,比音勒芬
300687.SZ,赛意信息
603868.SH,飞科电器
002929.SZ,润建通信
300660.SZ,江苏雷利
300740.SZ,御家汇
603757.SH,大元泵业
300678.SZ,中科信息
300461.SZ,田中精机
300709.SZ,精研科技
600990.SH,四创电子
002008.SZ,大族激光
300545.SZ,联得装备
603387.SH,基蛋生物
603466.SH,风语筑
002880.SZ,卫光生物
002831.SZ,裕同科技
300547.SZ,川环科技
603059.SH,倍加洁
300648.SZ,星云股份
600009.SH,上海机场
300604.SZ,长川科技
601799.SH,星宇股份
603858.SH,步长制药
600570.SH,恒生电子
603658.SH,安图生物
300559.SZ,佳发安泰
300347.SZ,泰格医药
300518.SZ,盛讯达
002850.SZ,科达利
603533.SH,掌阅科技
603228.SH,景旺电子
603337.SH,杰克股份
603661.SH,恒林股份
002833.SZ,弘亚数控
300681.SZ,英搏尔
002049.SZ,紫光国芯
300684.SZ,中石科技
603019.SH,中科曙光
300639.SZ,凯普生物
300707.SZ,威唐工业
002798.SZ,帝王洁具
002352.SZ,顺丰控股
002884.SZ,凌霄泵业
000651.SZ,格力电器
603516.SH,淳中科技
600486.SH,扬农化工
300033.SZ,同花顺
300629.SZ,新劲刚
002120.SZ,韵达股份
300690.SZ,双一科技
300612.SZ,宣亚国际
002714.SZ,牧原股份
600196.SH,复星医药
603368.SH,柳州医药
002718.SZ,友邦吊顶
300683.SZ,海特生物
300497.SZ,富祥股份
300469.SZ,信息发展
002883.SZ,中设股份
603515.SH,欧普照明
600771.SH,广誉远
603866.SH,桃李面包
603729.SH,龙韵股份
601336.SH,新华保险
002095.SZ,生意宝
002709.SZ,天赐材料
300401.SZ,花园生物
300627.SZ,华测导航
600038.SH,中直股份
600566.SH,济川药业
603895.SH,天永智能
002838.SZ,道恩股份
600535.SH,天士力
000710.SZ,贝瑞基因
300579.SZ,数字认证
603165.SH,荣晟环保
603602.SH,纵横通信
002918.SZ,蒙娜丽莎
600779.SH,水井坊
300617.SZ,安靠智电
300741.SZ,华宝股份
300533.SZ,冰川网络
002864.SZ,盘龙药业
603896.SH,寿仙谷
603589.SH,口子窖
002873.SZ,新天药业
300584.SZ,海辰药业
603232.SH,格尔软件
600885.SH,宏发股份
300575.SZ,中旗股份
600563.SH,法拉电子
603639.SH,海利尔
300340.SZ,科恒股份
002860.SZ,星帅尔
603501.SH,韦尔股份
603383.SH,顶点软件
300673.SZ,佩蒂股份
600763.SH,通策医疗
002415.SZ,海康威视
600612.SH,老凤祥
002294.SZ,信立泰
300702.SZ,天宇股份
300015.SZ,爱尔眼科
300657.SZ,弘信电子
300365.SZ,恒华科技
300516.SZ,久之洋
603083.SH,剑桥科技
603197.SH,保隆科技
002179.SZ,中航光电
002271.SZ,东方雨虹
600230.SH,沧州大化
002842.SZ,翔鹭钨业
601360.SH,三六零
300644.SZ,南京聚隆
603612.SH,索通发展
300736.SZ,百华悦邦
600419.SH,天润乳业
002803.SZ,吉宏股份
002878.SZ,元隆雅图
300548.SZ,博创科技
300600.SZ,瑞特股份
300650.SZ,太龙照明
300730.SZ,科创信息
300109.SZ,新开源
002737.SZ,葵花药业
300667.SZ,必创科技
002896.SZ,中大力德
603079.SH,圣达生物
300715.SZ,凯伦股份
300396.SZ,迪瑞医疗
300525.SZ,博思软件
300723.SZ,一品红
600315.SH,上海家化
600600.SH,青岛啤酒
300470.SZ,日机密封
000503.SZ,海虹控股
300467.SZ,迅游科技
300349.SZ,金卡智能
002745.SZ,木林森
603619.SH,中曼石油
300718.SZ,长盛轴承
002840.SZ,华统股份
002923.SZ,润都股份
002343.SZ,慈文传媒
300722.SZ,新余国科
002371.SZ,北方华创
002913.SZ,奥士康
000869.SZ,张裕A
603788.SH,宁波高发
603138.SH,海量数据
603578.SH,三星新材
300413.SZ,快乐购
300598.SZ,诚迈科技
300473.SZ,德尔股份
300651.SZ,金陵体育
002032.SZ,苏泊尔
603933.SH,睿能科技
002777.SZ,久远银海
002919.SZ,名臣健康
002903.SZ,宇环数控
300477.SZ,合纵科技
002907.SZ,华森制药
300739.SZ,明阳电路
601601.SH,中国太保
603680.SH,今创集团
002858.SZ,力盛赛车
300583.SZ,赛托生物
603179.SH,新泉股份
600702.SH,舍得酒业
603377.SH,东方时尚
603989.SH,艾华集团
603322.SH,超讯通信
300478.SZ,杭州高新
603881.SH,数据港
600487.SH,亨通光电
300671.SZ,富满电子
300542.SZ,新晨科技
300689.SZ,澄天伟业
603429.SH,集友股份
002761.SZ,多喜爱
603990.SH,麦迪科技
002921.SZ,联诚精密
603136.SH,天目湖
300529.SZ,健帆生物
002928.SZ,华夏航空
300561.SZ,汇金科技
300705.SZ,九典制药
002751.SZ,易尚展示
603203.SH,快克股份
600588.SH,用友网络
300468.SZ,四方精创
603038.SH,华立股份
603665.SH,康隆达
603660.SH,苏州科达
603183.SH,建研院
000025.SZ,特力A
300638.SZ,广和通
600754.SH,锦江股份
300710.SZ,万隆光电
002905.SZ,金逸影视
002508.SZ,老板电器
603208.SH,江山欧派
002920.SZ,德赛西威
300717.SZ,华信新材
300731.SZ,科创新源
300620.SZ,光库科技
002897.SZ,意华股份
300645.SZ,正元智慧
300675.SZ,建科院
601012.SH,隆基股份
300653.SZ,正海生物
002789.SZ,建艺集团
300136.SZ,信维通信
603200.SH,上海洗霸
600104.SH,上汽集团
300609.SZ,汇纳科技
002572.SZ,索菲亚
300553.SZ,集智股份
600694.SH,大商股份
002867.SZ,周大生
300393.SZ,中来股份
600085.SH,同仁堂
603556.SH,海兴电力
300701.SZ,森霸股份
603959.SH,百利科技
300294.SZ,博雅生物
603517.SH,绝味食品
300003.SZ,乐普医疗
002038.SZ,双鹭药业
600211.SH,西藏药业
603806.SH,福斯特
601155.SH,新城控股
600452.SH,涪陵电力
300557.SZ,理工光科
300124.SZ,汇川技术
300122.SZ,智飞生物
603638.SH,艾迪精密
002001.SZ,新和成
300483.SZ,沃施股份
300619.SZ,金银河
603506.SH,南都物业
002915.SZ,中欣氟材
603358.SH,华达科技
002901.SZ,大博医疗
300649.SZ,杭州园林
603607.SH,京华激光
603709.SH,中源家居
600340.SH,华夏幸福
600593.SH,大连圣亚
603559.SH,中通国脉
603396.SH,金辰股份
300456.SZ,耐威科技
300236.SZ,上海新阳
002757.SZ,南兴装备
603712.SH,七一二
600760.SH,中航沈飞
603730.SH,岱美股份
300692.SZ,中环环保
300581.SZ,晨曦航空
603970.SH,中农立华
600338.SH,西藏珠峰
600259.SH,广晟有色
002902.SZ,铭普光磁
002735.SZ,王子新材
002892.SZ,科力尔
002602.SZ,世纪华通
002729.SZ,好利来
603825.SH,华扬联众
300501.SZ,海顺新材
002885.SZ,京泉华
603860.SH,中公高科
600260.SH,凯乐科技
603938.SH,三孚股份
603025.SH,大豪科技
603355.SH,莱克电气
603496.SH,恒为科技
300727.SZ,润禾材料
600585.SH,海螺水泥
000049.SZ,德赛电池
600903.SH,贵州燃气
600298.SH,安琪酵母
002558.SZ,巨人网络
002624.SZ,完美世界
300603.SZ,立昂技术
300513.SZ,恒泰实达
603988.SH,中电电机
002287.SZ,奇正藏药
603359.SH,东珠景观
300538.SZ,同益股份
300530.SZ,达志科技
600455.SH,博通股份
603890.SH,春秋电子
002877.SZ,智能自控
002891.SZ,中宠股份
002852.SZ,道道全
601021.SH,春秋航空
300654.SZ,世纪天鸿
603963.SH,大理药业
300072.SZ,三聚环保
002871.SZ,伟隆股份
002788.SZ,鹭燕医药
000403.SZ,ST生化
300174.SZ,元力股份
603086.SH,先达股份
000002.SZ,万科A
603330.SH,上海天洋
300500.SZ,启迪设计
002422.SZ,科伦药业
002879.SZ,长缆科技
600332.SH,白云山
002859.SZ,洁美科技
600547.SH,山东黄金
300568.SZ,星源材质
600511.SH,国药股份
603985.SH,恒润股份
002815.SZ,崇达技术
300719.SZ,安达维尔
600258.SH,首旅酒店
002872.SZ,天圣制药
000063.SZ,中兴通讯
603605.SH,珀莱雅
300655.SZ,晶瑞股份
600036.SH,招商银行
601100.SH,恒立液压
300631.SZ,久吾高科
603877.SH,太平鸟
603903.SH,中持股份
300550.SZ,和仁科技
603726.SH,朗迪集团
603580.SH,艾艾精工
002151.SZ,北斗星通
603080.SH,新疆火炬
002801.SZ,微光股份
300488.SZ,恒锋工具
300514.SZ,友讯达
300451.SZ,创业软件
300485.SZ,赛升药业
600521.SH,华海药业
300069.SZ,金利华电
300608.SZ,思特奇
002717.SZ,岭南股份
300212.SZ,易华录
600887.SH,伊利股份
603809.SH,豪能股份
603416.SH,信捷电气
002922.SZ,伊戈尔
300496.SZ,中科创达
603882.SH,金域医学
002007.SZ,华兰生物
002908.SZ,德生科技
300532.SZ,今天国际
600201.SH,生物股份
300535.SZ,达威股份
600764.SH,中国海防
002890.SZ,弘宇股份
603076.SH,乐惠国际
603722.SH,阿科力
002356.SZ,赫美集团
002847.SZ,盐津铺子
603707.SH,健友股份
300560.SZ,中富通
603908.SH,牧高笛
603329.SH,上海雅仕
603909.SH,合诚股份
300588.SZ,熙菱信息
603898.SH,好莱客
603899.SH,晨光文具
300726.SZ,宏达电子
300633.SZ,开立医疗
002869.SZ,金溢科技
300693.SZ,盛弘股份
002268.SZ,卫士通
603685.SH,晨丰科技
002738.SZ,中矿资源
002393.SZ,力生制药
300721.SZ,怡达股份
603319.SH,湘油泵
603507.SH,振江股份
300509.SZ,新美星
002719.SZ,麦趣尔
002829.SZ,星网宇达
600699.SH,均胜电子
300130.SZ,新国都
002886.SZ,沃特股份
000826.SZ,启迪桑德
300457.SZ,赢合科技
603018.SH,中设集团
603585.SH,苏利股份
603103.SH,横店影视
002035.SZ,华帝股份
300680.SZ,隆盛科技
603305.SH,旭升股份
300636.SZ,同和药业
000150.SZ,宜华健康
002313.SZ,日海通讯
300663.SZ,科蓝软件
603226.SH,菲林格尔
603811.SH,诚意药业
603960.SH,克来机电
002365.SZ,永安药业
002870.SZ,香山股份
002320.SZ,海峡股份
300720.SZ,海川智能
000999.SZ,华润三九
300510.SZ,金冠电气
300711.SZ,广哈通信
603258.SH,电魂网络
603085.SH,天成自控
002819.SZ,东方中科
300492.SZ,山鼎设计
000895.SZ,双汇发展
300188.SZ,美亚柏科
600161.SH,天坛生物
002861.SZ,瀛通通讯
002900.SZ,哈三联
300373.SZ,扬杰科技
600498.SH,烽火通信
300429.SZ,强力新材
300527.SZ,华舟应急
601628.SH,中国人寿
603738.SH,泰晶科技
002359.SZ,北讯集团
002485.SZ,希努尔
600661.SH,新南洋
002862.SZ,实丰文化
002044.SZ,美年健康
002881.SZ,美格智能
600867.SH,通化东宝
002281.SZ,光迅科技
002664.SZ,长鹰信质
002727.SZ,一心堂
300729.SZ,乐歌股份
600893.SH,航发动力
002917.SZ,金奥博
603005.SH,晶方科技
002411.SZ,必康股份
002853.SZ,皮阿诺
300203.SZ,聚光科技
603345.SH,安井食品
603499.SH,翔港科技
603269.SH,海鸥股份
603813.SH,原尚股份
002911.SZ,佛燃股份
002335.SZ,科华恒盛
002192.SZ,融捷股份
002809.SZ,红墙股份
002236.SZ,大华股份
002813.SZ,路畅科技
002713.SZ,东易日盛
300682.SZ,朗新科技
600660.SH,福耀玻璃
600053.SH,九鼎投资
002768.SZ,国恩股份
002792.SZ,通宇通讯
002818.SZ,富森美
300436.SZ,广生堂
603900.SH,莱绅通灵
603199.SH,九华旅游
000998.SZ,隆平高科
600182.SH,S佳通
300708.SZ,聚灿光电
002856.SZ,美芝股份
603133.SH,碳元科技
603081.SH,大丰实业
002427.SZ,ST尤夫
600741.SH,华域汽车
002817.SZ,黄山胶囊
300703.SZ,创源文化
600549.SH,厦门钨业
601877.SH,正泰电器
603656.SH,泰禾光电
300223.SZ,北京君正
300327.SZ,中颖电子
300505.SZ,川金诺
300009.SZ,安科生物
600703.SH,三安光电
300487.SZ,蓝晓科技
603336.SH,宏辉果蔬
600516.SH,方大炭素
603268.SH,松发股份
000732.SZ,泰禾集团
300418.SZ,昆仑万维
600167.SH,联美控股
300507.SZ,苏奥传感
600745.SH,闻泰科技
603088.SH,宁波精达
300658.SZ,延江股份
300556.SZ,丝路视觉
002180.SZ,纳思达
300073.SZ,当升科技
603283.SH,赛腾股份
300431.SZ,暴风集团
002734.SZ,利民股份
600482.SH,中国动力
300605.SZ,恒锋信息
600559.SH,老白干酒
000681.SZ,视觉中国
300462.SZ,华铭智能
600062.SH,华润双鹤
300433.SZ,蓝思科技
600345.SH,长江通信
600845.SH,宝信软件
002190.SZ,成飞集成
600750.SH,江中药业
002889.SZ,东方嘉盛
002341.SZ,新纶科技
300472.SZ,新元科技
002025.SZ,航天电器
002732.SZ,燕塘乳业
002828.SZ,贝肯能源
300698.SZ,万马科技
002597.SZ,金禾实业
002755.SZ,东方新星
600872.SH,中炬高新
002475.SZ,立讯精密
300566.SZ,激智科技
603037.SH,凯众股份
000786.SZ,北新建材
002410.SZ,广联达
002468.SZ,申通快递
002875.SZ,安奈儿
601607.SH,上海医药
002439.SZ,启明星辰
002800.SZ,天顺股份
603365.SH,水星家纺
002625.SZ,光启技术
300463.SZ,迈克生物
603678.SH,火炬电子
300125.SZ,易世达
300606.SZ,金太阳
000048.SZ,康达尔
300733.SZ,西菱动力
000915.SZ,山大华特
002691.SZ,冀凯股份
300563.SZ,神宇股份
603042.SH,华脉科技
002668.SZ,奥马电器
300615.SZ,欣天科技
300652.SZ,雷迪克
002796.SZ,世嘉科技
300346.SZ,南大光电
300424.SZ,航新科技
300384.SZ,三联虹普
603286.SH,日盈电子
603225.SH,新凤鸣
002888.SZ,惠威科技
002311.SZ,海大集团
600697.SH,欧亚集团
002893.SZ,华通热力
600848.SH,上海临港
600146.SH,商赢环球
002790.SZ,瑞尔特
300042.SZ,朗科科技
300309.SZ,吉艾科技
600262.SH,北方股份
603367.SH,辰欣药业
300180.SZ,华峰超纤
300569.SZ,天能重工
603555.SH,贵人鸟
002223.SZ,鱼跃医疗
000989.SZ,九芝堂
603686.SH,龙马环卫
002153.SZ,石基信息
603139.SH,康惠制药
000567.SZ,海德股份
600520.SH,文一科技
600056.SH,中国医药
603266.SH,天龙股份
300408.SZ,三环集团
603161.SH,科华控股
603186.SH,华正新材
002802.SZ,洪汇新材
603721.SH,中广天择
300541.SZ,先进数通
300590.SZ,移为通信
300665.SZ,飞鹿股份
002849.SZ,威星智能
600066.SH,宇通客车
300416.SZ,苏试试验
002462.SZ,嘉事堂
603926.SH,铁流股份
300543.SZ,朗科智能
300686.SZ,智动力
600518.SH,康美药业
000799.SZ,酒鬼酒
300438.SZ,鹏辉能源
603010.SH,万盛股份
603922.SH,金鸿顺
000504.SZ,南华生物
603912.SH,佳力图
002679.SZ,福建金森
300716.SZ,国立科技
300640.SZ,德艺文创
002543.SZ,万和电气
002825.SZ,纳尔股份
300143.SZ,星普医科
300244.SZ,迪安诊断
000004.SZ,国农科技
600138.SH,中青旅
002820.SZ,桂发祥
300552.SZ,万集科技
603527.SH,众源新材
300296.SZ,利亚德
300298.SZ,三诺生物
603306.SH,华懋科技
603626.SH,科森科技
603929.SH,亚翔集成
002746.SZ,仙坛股份
002324.SZ,普利特
600562.SH,国睿科技
603313.SH,梦百合
300288.SZ,朗玛信息
300669.SZ,沪宁股份
603991.SH,至正股份
603356.SH,华菱精工
601116.SH,三江购物
000581.SZ,威孚高科
603630.SH,拉芳家化
002530.SZ,金财互联
300511.SZ,雪榕生物
000411.SZ,英特集团
603976.SH,正川股份
002409.SZ,雅克科技
600976.SH,健民集团
603917.SH,合力科技
002405.SZ,四维图新
603880.SH,南卫股份
300398.SZ,飞凯材料
002899.SZ,英派斯
300551.SZ,古鳌科技
002810.SZ,山东赫达
002368.SZ,太极股份
002362.SZ,汉王科技
600195.SH,中牧股份
002396.SZ,星网锐捷
000935.SZ,四川双马
603677.SH,奇精机械
603060.SH,国检集团
603129.SH,春风动力
603617.SH,君禾股份
300626.SZ,华瑞股份
300502.SZ,新易盛
300519.SZ,新光药业
002174.SZ,游族网络
600118.SH,中国卫星
002805.SZ,丰元股份
601088.SH,中国神华
603839.SH,安正时尚
000977.SZ,浪潮信息
603777.SH,来伊份
000525.SZ,红太阳
002614.SZ,奥佳华
300434.SZ,金石东方
601233.SH,桐昆股份
600645.SH,中源协和
002895.SZ,川恒股份
603569.SH,长久物流
300625.SZ,三雄极光
603031.SH,安德利
603326.SH,我乐家居
300647.SZ,超频三
300573.SZ,兴齐眼药
002910.SZ,庄园牧场
002756.SZ,永兴特钢
300622.SZ,博士眼镜
300452.SZ,山河药辅
600120.SH,浙江东方
300316.SZ,晶盛机电
002440.SZ,闰土股份
603708.SH,家家悦
002669.SZ,康达新材
300097.SZ,智云股份
001979.SZ,招商蛇口
601238.SH,广汽集团
603518.SH,维格娜丝
603110.SH,东方材料
002074.SZ,国轩高科
603568.SH,伟明环保
300458.SZ,全志科技
300479.SZ,神思电子
600132.SH,重庆啤酒
603679.SH,华体科技
300385.SZ,雪浪环境
603159.SH,上海亚虹
603535.SH,嘉诚国际
603056.SH,德邦股份
603566.SH,普莱柯
603505.SH,金石资源
603655.SH,朗博科技
300430.SZ,诚益通
300520.SZ,科大国创
603320.SH,迪贝电气
002760.SZ,凤形股份
300481.SZ,濮阳惠成
002898.SZ,赛隆药业
300446.SZ,乐凯新材
300498.SZ,温氏股份
002715.SZ,登云股份
002080.SZ,中材科技
300037.SZ,新宙邦
603106.SH,恒银金融
600083.SH,博信股份
600685.SH,中船防务
600835.SH,上海机电
600137.SH,浪莎股份
603888.SH,新华网
002419.SZ,天虹股份
000901.SZ,航天科技
002837.SZ,英维克
600785.SH,新华百货
603380.SH,易德龙
000803.SZ,*ST金宇
002019.SZ,亿帆医药
600271.SH,航天信息
603238.SH,诺邦股份
300697.SZ,电工合金
603089.SH,正裕工业
002868.SZ,绿康生化
300202.SZ,聚龙股份
603717.SH,天域生态
603339.SH,四方冷链
300113.SZ,顺网科技
002094.SZ,青岛金王
603711.SH,香飘飘
300735.SZ,光弘科技
600859.SH,王府井
000923.SZ,河北宣工
000576.SZ,广东甘化
300712.SZ,永福股份
600897.SH,厦门空港
300587.SZ,天铁股份
603500.SH,祥和实业
300540.SZ,深冷股份
000623.SZ,吉林敖东
002456.SZ,欧菲科技
002722.SZ,金轮股份
300388.SZ,国祯环保
002845.SZ,同兴达
300222.SZ,科大智能
601069.SH,西部黄金
300562.SZ,乐心医疗
300670.SZ,大烨智能
000910.SZ,大亚圣象
002635.SZ,安洁科技
300191.SZ,潜能恒信
000985.SZ,大庆华科
002372.SZ,伟星新材
603869.SH,北部湾旅
000550.SZ,江铃汽车
300417.SZ,南华仪器
300142.SZ,沃森生物
603586.SH,金麒麟
603808.SH,歌力思
603859.SH,能科股份
600529.SH,山东药玻
603637.SH,镇海股份
603363.SH,傲农生物
300506.SZ,名家汇
601689.SH,拓普集团
300589.SZ,江龙船艇
300144.SZ,宋城演艺
002716.SZ,金贵银业
002906.SZ,华阳集团
300426.SZ,唐德影视
603936.SH,博敏电子
600584.SH,长电科技
603360.SH,百傲化学
603421.SH,鼎信通讯
603728.SH,鸣志电器
000860.SZ,顺鑫农业
603181.SH,皇马科技
002712.SZ,思美传媒
600663.SH,陆家嘴
002645.SZ,华宏科技
603611.SH,诺力股份
002258.SZ,利尔化学
600793.SH,宜宾纸业
002315.SZ,焦点科技
603683.SH,晶华新材
002778.SZ,高科石化
002680.SZ,长生生物
601127.SH,小康股份
600197.SH,伊力特
002569.SZ,步森股份
300546.SZ,雄帝科技
603669.SH,灵康药业
002273.SZ,水晶光电
300632.SZ,光莆股份
002776.SZ,柏堡龙
002781.SZ,奇信股份
300448.SZ,浩云科技
002657.SZ,中科金财
002090.SZ,金智科技
300421.SZ,力星股份
603041.SH,美思德
002142.SZ,宁波银行
603937.SH,丽岛新材
002370.SZ,亚太药业
300414.SZ,中光防雷
300637.SZ,扬帆新材
603016.SH,新宏泰
002383.SZ,合众思壮
000062.SZ,深圳华强
603026.SH,石大胜华
300323.SZ,华灿光电
002555.SZ,三七互娱
000151.SZ,中成股份
300300.SZ,汉鼎宇佑
002202.SZ,金风科技
300442.SZ,普丽盛
002310.SZ,东方园林
002696.SZ,百洋股份
603357.SH,设计总院
600270.SH,外运发展
603699.SH,纽威股份
300380.SZ,安硕信息
600690.SH,青岛海尔
603968.SH,醋化股份
002227.SZ,奥特迅
600291.SH,西水股份
600391.SH,航发科技
000856.SZ,冀东装备
300338.SZ,开元股份
600599.SH,熊猫金控
002050.SZ,三花智控
300233.SZ,金城医药
603131.SH,上海沪工
002742.SZ,三圣股份
603488.SH,展鹏科技
603727.SH,博迈科
300664.SZ,鹏鹞环保
300549.SZ,优德精密
603218.SH,日月股份
300115.SZ,长盈精密
300348.SZ,长亮科技
600389.SH,江山股份
300439.SZ,美康生物
000697.SZ,炼石有色
600993.SH,马应龙
601200.SH,上海环境
300517.SZ,海波重科
603980.SH,吉华集团
600030.SH,中信证券
601595.SH,上海电影
002690.SZ,美亚光电
603113.SH,金能科技
002623.SZ,亚玛顿
300271.SZ,华宇软件
603519.SH,立霸股份
002830.SZ,名雕股份
300285.SZ,国瓷材料
603676.SH,卫信康
002055.SZ,得润电子
002640.SZ,跨境通
300227.SZ,光韵达
600781.SH,辅仁药业
603158.SH,腾龙股份
300580.SZ,贝斯特
002771.SZ,真视通
600648.SH,外高桥
002208.SZ,合肥城建
000997.SZ,新大陆
600671.SH,天目药业
600884.SH,杉杉股份
300024.SZ,机器人
300596.SZ,利安隆
300246.SZ,宝莱特
600876.SH,洛阳玻璃
603223.SH,恒通股份
002627.SZ,宜昌交运
603886.SH,元祖股份
002826.SZ,易明医药
300565.SZ,科信技术
300621.SZ,维业股份
600459.SH,贵研铂业
600998.SH,九州通
600739.SH,辽宁成大
002723.SZ,金莱特
603698.SH,航天工程
300324.SZ,旋极信息
002728.SZ,特一药业
002346.SZ,柘中股份
002499.SZ,科林环保
603043.SH,广州酒家
002753.SZ,永东股份
600456.SH,宝钛股份
603878.SH,武进不锈
603536.SH,惠发股份
603027.SH,千禾味业
600706.SH,曲江文旅
603378.SH,亚士创能
300522.SZ,世名科技
600362.SH,江西铜业
603663.SH,三祥新材
002159.SZ,三特索道
000023.SZ,深天地A
300137.SZ,先河环保
002449.SZ,国星光电
300449.SZ,汉邦高科
300484.SZ,蓝海华腾
603557.SH,起步股份
002780.SZ,三夫户外
002677.SZ,浙江美大
002741.SZ,光华科技
002865.SZ,钧达股份
300274.SZ,阳光电源
300371.SZ,汇中股份
300394.SZ,天孚通信
002101.SZ,广东鸿图
600150.SH,中国船舶
600179.SH,安通控股
603008.SH,喜临门
601166.SH,兴业银行
601966.SH,玲珑轮胎
000736.SZ,中交地产
002909.SZ,集泰股份
603331.SH,百达精工
002184.SZ,海得控制
300168.SZ,万达信息
300282.SZ,汇冠股份
002769.SZ,普路通
600525.SH,长园集团
002399.SZ,海普瑞
002265.SZ,西仪股份
603278.SH,大业股份
603779.SH,威龙股份
002626.SZ,金达威
603996.SH,中新科技
000488.SZ,晨鸣纸业
300367.SZ,东方网力
000768.SZ,中航飞机
002767.SZ,先锋电子
002843.SZ,泰嘉股份
300046.SZ,台基股份
300486.SZ,东杰智能
002010.SZ,传化智联
002407.SZ,多氟多
600999.SH,招商证券
002779.SZ,中坚科技
600406.SH,国电南瑞
601211.SH,国泰君安
603385.SH,惠达卫浴
002119.SZ,康强电子
600818.SH,中路股份
603399.SH,吉翔股份
603725.SH,天安新材
300428.SZ,四通新材
300209.SZ,天泽信息
002517.SZ,恺英网络
603050.SH,科林电气
002358.SZ,森源电气
002791.SZ,坚朗五金
002380.SZ,科远股份
600184.SH,光电股份
002389.SZ,南洋科技
300570.SZ,太辰光
600679.SH,上海凤凰
603058.SH,永吉股份
000065.SZ,北方国际
000830.SZ,鲁西化工
600900.SH,长江电力
300286.SZ,安科瑞
603456.SH,九洲药业
300014.SZ,亿纬锂能
002242.SZ,九阳股份
603848.SH,好太太
002193.SZ,如意集团
600977.SH,中国电影
002529.SZ,海源机械
300070.SZ,碧水源
601688.SH,华泰证券
300383.SZ,光环新网
600850.SH,华东电脑
601163.SH,三角轮胎
300397.SZ,天和防务
002435.SZ,长江润发
600071.SH,凤凰光学
000555.SZ,神州信息
002824.SZ,和胜股份
603768.SH,常青股份
002827.SZ,高争民爆
600136.SH,当代明诚
000820.SZ,神雾节能
603229.SH,奥翔药业
002816.SZ,和科达
603701.SH,德宏股份
002783.SZ,凯龙股份
300321.SZ,同大股份
600392.SH,盛和资源
002205.SZ,国统股份
600647.SH,同达创业
002253.SZ,川大智胜
600265.SH,ST景谷
603648.SH,畅联股份
002240.SZ,威华股份
300404.SZ,博济医药
603029.SH,天鹅股份
002412.SZ,汉森制药
000887.SZ,中鼎股份
002322.SZ,理工环科
002028.SZ,思源电气
002595.SZ,豪迈科技
002354.SZ,天神娱乐
300512.SZ,中亚股份
002138.SZ,顺络电子
300166.SZ,东方国信
002048.SZ,宁波华翔
000913.SZ,钱江摩托
002806.SZ,华锋股份
600366.SH,宁波韵升
603090.SH,宏盛股份
603177.SH,德创环保
600637.SH,东方明珠
002518.SZ,科士达
603616.SH,韩建河山
300061.SZ,康旗股份
300068.SZ,南都电源
603829.SH,洛凯股份
600114.SH,东睦股份
600742.SH,一汽富维
600756.SH,浪潮软件
603803.SH,瑞斯康达
603856.SH,东宏股份
300295.SZ,三六五网
600183.SH,生益科技
600233.SH,圆通速递
000039.SZ,中集集团
002670.SZ,国盛金控
002836.SZ,新宏泽
603797.SH,联泰环保
000776.SZ,广发证券
603098.SH,森特股份
300399.SZ,京天利
600426.SH,华鲁恒升
600774.SH,汉商集团
300268.SZ,佳沃股份
300331.SZ,苏大维格
603633.SH,徕木股份
300183.SZ,东软载波
300036.SZ,超图软件
300258.SZ,精锻科技
300489.SZ,中飞股份
002603.SZ,以岭药业
300499.SZ,高澜股份
300386.SZ,飞天诚信
002051.SZ,中工国际
300101.SZ,振芯科技
603369.SH,今世缘
002189.SZ,利达光电
603239.SH,浙江仙通
300278.SZ,华昌达
300055.SZ,万邦达
300447.SZ,全信股份
002648.SZ,卫星石化
600176.SH,中国巨石
002222.SZ,福晶科技
000738.SZ,航发控制
002275.SZ,桂林三金
300241.SZ,瑞丰光电
300257.SZ,开山股份
002088.SZ,鲁阳节能
002811.SZ,亚泰国际
002127.SZ,南极电商
300221.SZ,银禧科技
000532.SZ,华金资本
600523.SH,贵航股份
002058.SZ,威尔泰
300353.SZ,东土科技
002114.SZ,罗平锌电
000501.SZ,鄂武商A
300065.SZ,海兰信
603919.SH,金徽酒
000673.SZ,当代东方
300127.SZ,银河磁体
603388.SH,元成股份
002493.SZ,荣盛石化
300170.SZ,汉得信息
603599.SH,广信股份
300432.SZ,富临精工
601828.SH,美凯龙
600129.SH,太极集团
002186.SZ,全聚德
300044.SZ,赛为智能
300406.SZ,九强生物
600004.SH,白云机场
000011.SZ,深物业A
300232.SZ,洲明科技
600536.SH,中国软件
002387.SZ,黑牛食品
603157.SH,拉夏贝尔
603920.SH,世运电路
000050.SZ,深天马A
000605.SZ,渤海股份
300284.SZ,苏交科
600079.SH,人福医药
002863.SZ,今飞凯达
300306.SZ,远方信息
002581.SZ,未名医药
300059.SZ,东方财富
600346.SH,恒力股份
600479.SH,千金药业
000990.SZ,诚志股份
300377.SZ,赢时胜
300494.SZ,盛天网络
000408.SZ,藏格控股
002695.SZ,煌上煌
603198.SH,迎驾贡酒
600216.SH,浙江医药
600639.SH,浦东金桥
002036.SZ,联创电子
002557.SZ,洽洽食品
300237.SZ,美晨生态
600060.SH,海信电器
002333.SZ,罗普斯金
300091.SZ,金通灵
600460.SH,士兰微
002117.SZ,东港股份
300476.SZ,胜宏科技
600372.SH,中航电子
002293.SZ,罗莱生活
002039.SZ,黔源电力
300149.SZ,量子高科
601108.SH,财通证券
601229.SH,上海银行
603108.SH,润达医疗
600373.SH,中文传媒
600668.SH,尖峰集团
002319.SZ,乐通股份
300415.SZ,伊之密
002414.SZ,高德红外
300140.SZ,中环装备
300597.SZ,吉大通信
000639.SZ,西王食品
002511.SZ,中顺洁柔
300387.SZ,富邦股份
600855.SH,航天长峰
600506.SH,香梨股份
002302.SZ,西部建设
002373.SZ,千方科技
600267.SH,海正药业
300635.SZ,达安股份
300526.SZ,中潜股份
300582.SZ,英飞特
000975.SZ,银泰资源
300531.SZ,优博讯
600007.SH,中国国贸
600507.SH,方大特钢
300585.SZ,奥联电子
600242.SH,中昌数据
300199.SZ,翰宇药业
000951.SZ,中国重汽
600967.SH,内蒙一机
601566.SH,九牧王
300576.SZ,容大感光
600962.SH,国投中鲁
603386.SH,广东骏亚
000586.SZ,汇源通信
002589.SZ,瑞康医药
000988.SZ,华工科技
000042.SZ,中洲控股
002609.SZ,捷顺科技
000020.SZ,深华发A
000546.SZ,金圆股份
600638.SH,新黄浦
603063.SH,禾望电气
002353.SZ,杰瑞股份
603918.SH,金桥信息
300351.SZ,永贵电器
300495.SZ,美尚生态
000712.SZ,锦龙股份
601997.SH,贵阳银行
600446.SH,金证股份
002424.SZ,贵州百灵
002672.SZ,东江环保
603289.SH,泰瑞机器
300389.SZ,艾比森
002376.SZ,新北洋
300156.SZ,神雾环保
300641.SZ,正丹股份
002731.SZ,萃华珠宝
600476.SH,湘邮科技
600141.SH,兴发集团
002544.SZ,杰赛科技
603819.SH,神力股份
002458.SZ,益生股份
002009.SZ,天奇股份
002793.SZ,东音股份
300161.SZ,华中数控
300537.SZ,广信材料
603189.SH,网达软件
603885.SH,吉祥航空
002262.SZ,恩华药业
000885.SZ,同力水泥
000996.SZ,中国中期
300378.SZ,鼎捷软件
600088.SH,中视传媒
600480.SH,凌云股份
300335.SZ,迪森股份
000584.SZ,哈工智能
000752.SZ,西藏发展
002299.SZ,圣农发展
300158.SZ,振东制药
300270.SZ,中威电子
300592.SZ,华凯创意
600388.SH,龙净环保
300085.SZ,银之杰
002782.SZ,可立克
300375.SZ,鹏翎股份
600804.SH,鹏博士
600980.SH,北矿科技
002617.SZ,露笑科技
603116.SH,红蜻蜓
603823.SH,百合花
002573.SZ,清新环境
300047.SZ,天源迪科
600329.SH,中新药业
600636.SH,*ST爱富
300075.SZ,数字政通
600587.SH,新华医疗
603889.SH,新澳股份
300437.SZ,清水源
300195.SZ,长荣股份
300229.SZ,拓尔思
600093.SH,易见股份
002136.SZ,安纳达
002199.SZ,东晶电子
300260.SZ,新莱应材
002568.SZ,百润股份
600316.SH,洪都航空
603916.SH,苏博特
002846.SZ,英联股份
002030.SZ,达安基因
600801.SH,华新水泥
002762.SZ,金发拉比
600749.SH,西藏旅游
300422.SZ,博世科
600629.SH,华建集团
300737.SZ,科顺股份
603298.SH,杭叉集团
002251.SZ,步步高
002684.SZ,猛狮科技
603758.SH,秦安股份
300490.SZ,华自科技
300610.SZ,晨化股份
002562.SZ,兄弟科技
600323.SH,瀚蓝环境
600444.SH,国机通用
002733.SZ,雄韬股份
300178.SZ,腾邦国际
300053.SZ,欧比特
002391.SZ,长青股份
002766.SZ,索菱股份
300427.SZ,红相股份
603035.SH,常熟汽饰
002488.SZ,金固股份
002491.SZ,通鼎互联
601113.SH,华鼎股份
000007.SZ,全新好
000553.SZ,沙隆达A
300400.SZ,劲拓股份
300395.SZ,菲利华
603036.SH,如通股份
603688.SH,石英股份
603879.SH,永悦科技
603787.SH,新日股份
002027.SZ,分众传媒
600064.SH,南京高科
600299.SH,安迪苏
603601.SH,再升科技
000952.SZ,广济药业
002454.SZ,松芝股份
002577.SZ,雷柏科技
300250.SZ,初灵信息
002536.SZ,西泵股份
300405.SZ,科隆股份
300445.SZ,康斯特
603567.SH,珍宝岛
000617.SZ,中油资本
603055.SH,台华新材
603928.SH,兴业股份
600640.SH,号百控股
603277.SH,银都股份
603977.SH,国泰集团
603798.SH,康普顿
002748.SZ,世龙实业
300252.SZ,金信诺
300536.SZ,农尚环境
600097.SH,开创国际
603861.SH,白云电器
002667.SZ,鞍重股份
300343.SZ,联创互联
002823.SZ,凯中精密
600650.SH,锦江投资
002024.SZ,苏宁易购
603311.SH,金海环境
600343.SH,航天动力
002241.SZ,歌尔股份
300052.SZ,中青宝
601198.SH,东兴证券
603308.SH,应流股份
600622.SH,光大嘉宝
603826.SH,坤彩科技
300342.SZ,天银机电
600895.SH,张江高科
600597.SH,光明乳业
600633.SH,浙数文化
002336.SZ,人人乐
600048.SH,保利地产
600055.SH,万东医疗
300031.SZ,宝通科技
300443.SZ,金雷风电
603818.SH,曲美家居
000636.SZ,风华高科
603001.SH,奥康国际
600557.SH,康缘药业
000971.SZ,高升控股
000889.SZ,茂业通信
300369.SZ,绿盟科技
000777.SZ,中核科技
300134.SZ,大富科技
300382.SZ,斯莱克
002428.SZ,云南锗业
300121.SZ,阳谷华泰
000544.SZ,中原环保
002582.SZ,好想你
000401.SZ,冀东水泥
002541.SZ,鸿路钢构
600689.SH,上海三毛
002061.SZ,浙江交科
600111.SH,北方稀土
600985.SH,雷鸣科化
000960.SZ,锡业股份
300007.SZ,汉威科技
600054.SH,黄山旅游
002408.SZ,齐翔腾达
600171.SH,上海贝岭
603006.SH,联明股份
603966.SH,法兰泰克
300311.SZ,任子行
000762.SZ,西藏矿业
002926.SZ,华西证券
603906.SH,龙蟠科技
000968.SZ,蓝焰控股
600933.SH,爱柯迪
000635.SZ,英力特
600833.SH,第一医药
002398.SZ,建研集团
601311.SH,骆驼股份
601800.SH,中国交建
603767.SH,中马传动
300475.SZ,聚隆科技
600188.SH,兖州煤业
600686.SH,金龙汽车
002430.SZ,杭氧股份
603007.SH,花王股份
002725.SZ,跃岭股份
603017.SH,中衡设计
603069.SH,海汽集团
603188.SH,亚邦股份
601098.SH,中南传媒
000096.SZ,广聚能源
002022.SZ,科华生物
002848.SZ,高斯贝尔
002795.SZ,永和智控
300216.SZ,千山药机
300521.SZ,爱司凯
600783.SH,鲁信创投
600718.SH,东软集团
300245.SZ,天玑科技
300001.SZ,特锐德
300017.SZ,网宿科技
300480.SZ,光力科技
300275.SZ,梅安森
300374.SZ,恒通科技
002338.SZ,奥普光电
601231.SH,环旭电子
002611.SZ,东方精工
603800.SH,道森股份
603477.SH,振静股份
002081.SZ,金螳螂
300279.SZ,和晶科技
002636.SZ,金安国纪
600560.SH,金自天正
603168.SH,莎普爱思
600596.SH,新安股份
002144.SZ,宏达高科
300379.SZ,东方通
600826.SH,兰生股份
300220.SZ,金运激光
300276.SZ,三丰智能
600037.SH,歌华有线
600382.SH,广东明珠
002646.SZ,青青稞酒
000792.SZ,盐湖股份
300453.SZ,三鑫医疗
600581.SH,八一钢铁
000668.SZ,荣丰控股
002254.SZ,泰和新材
300013.SZ,新宁物流
600234.SH,ST山水
002621.SZ,三垒股份
300314.SZ,戴维医疗
600841.SH,上柴股份
300230.SZ,永利股份
600283.SH,钱江水利
000733.SZ,振华科技
600768.SH,宁波富邦
002630.SZ,华西能源
600715.SH,文投控股
601677.SH,明泰铝业
000756.SZ,新华制药
600061.SH,国投资本
002497.SZ,雅化集团
002395.SZ,双象股份
002459.SZ,天业通联
601878.SH,浙商证券
300503.SZ,昊志机电
300363.SZ,博腾股份
600135.SH,乐凯胶片
600958.SH,东方证券
002092.SZ,中泰化学
300391.SZ,康跃科技
603178.SH,圣龙股份
600475.SH,华光股份
600803.SH,新奥股份
002247.SZ,帝龙文化
002759.SZ,天际股份
300251.SZ,光线传媒
601788.SH,光大证券
002659.SZ,凯文教育
000925.SZ,众合科技
600160.SH,巨化股份
601952.SH,苏垦农发
002246.SZ,北化股份
002612.SZ,朗姿股份
603598.SH,引力传媒
000970.SZ,中科三环
002445.SZ,中南文化
600385.SH,山东金泰
600621.SH,华鑫股份
603789.SH,星光农机
300098.SZ,高新兴
300459.SZ,金科文化
002417.SZ,深南股份
300403.SZ,地尔汉宇
000662.SZ,天夏智慧
002016.SZ,世荣兆业
000921.SZ,海信科龙
300204.SZ,舒泰神
600072.SH,中船科技
000818.SZ,方大化工
002014.SZ,永新股份
600874.SH,创业环保
601811.SH,新华文轩
603969.SH,银龙股份
000537.SZ,广宇发展
002882.SZ,金龙羽
600107.SH,美尔雅
002512.SZ,达华智能
300248.SZ,新开普
603328.SH,依顿电子
600380.SH,健康元
600383.SH,金地集团
002111.SZ,威海广泰
002763.SZ,汇洁股份
300269.SZ,联建光电
600119.SH,长江投资
002278.SZ,神开股份
002292.SZ,奥飞娱乐
002576.SZ,通达动力
600000.SH,浦发银行
600158.SH,中体产业
000663.SZ,永安林业
002599.SZ,盛通股份
600641.SH,万业企业
000819.SZ,岳阳兴长
603101.SH,汇嘉时代
300364.SZ,中文在线
600816.SH,安信信托
603315.SH,福鞍股份
002041.SZ,登海种业
600522.SH,中天科技
600551.SH,时代出版
601808.SH,中海油服
002707.SZ,众信旅游
000672.SZ,上峰水泥
300133.SZ,华策影视
600081.SH,东风科技
300096.SZ,易联众
300302.SZ,同有科技
002045.SZ,国光电器
002317.SZ,众生药业
002173.SZ,创新医疗
002042.SZ,华孚时尚
002583.SZ,海能达
603997.SH,继峰股份
000590.SZ,启迪古汉
002394.SZ,联发股份
300634.SZ,彩讯股份
600598.SH,北大荒
600681.SH,百川能源
600822.SH,上海物贸
000040.SZ,东旭蓝天
300493.SZ,润欣科技
603022.SH,新通联
002279.SZ,久其软件
002442.SZ,龙星化工
600398.SH,海澜之家
600847.SH,*ST万里
600420.SH,现代制药
300219.SZ,鸿利智汇
603316.SH,诚邦股份
000400.SZ,许继电气
600363.SH,联创光电
600449.SH,宁夏建材
000831.SZ,五矿稀土
300034.SZ,钢研高纳
000626.SZ,远大控股
600837.SH,海通证券
000878.SZ,云南铜业
002057.SZ,中钢天源
600371.SH,万向德农
000815.SZ,美利云
002537.SZ,海联金汇
300381.SZ,溢多利
601633.SH,长城汽车
002003.SZ,伟星股份
002808.SZ,苏州恒久
000881.SZ,中广核技
603577.SH,汇金通
002642.SZ,荣之联
002037.SZ,久联发展
002234.SZ,民和股份
002596.SZ,海南瑞泽
300291.SZ,华录百纳
600266.SH,北京城建
000603.SZ,盛达矿业
000821.SZ,京山轻机
300118.SZ,东方日升
600605.SH,汇通能源
600615.SH,丰华股份
300081.SZ,恒信东方
603111.SH,康尼机电
603303.SH,得邦照明
300611.SZ,美力科技
000625.SZ,长安汽车
002013.SZ,中航机电
000669.SZ,金鸿控股
002282.SZ,博深工具
000802.SZ,北京文化
600352.SH,浙江龙盛
002221.SZ,东华能源
600528.SH,中铁工业
600986.SH,科达股份
000001.SZ,平安银行
600228.SH,*ST昌九
601111.SH,中国国航
603003.SH,龙宇燃油
600926.SH,杭州银行
601882.SH,海天精工
300123.SZ,亚光科技
000676.SZ,智度股份
300460.SZ,惠伦晶体
603987.SH,康德莱
600898.SH,国美通讯
603600.SH,永艺股份
603615.SH,茶花股份
600594.SH,益佰制药
002040.SZ,南京港
002444.SZ,巨星科技
300528.SZ,幸福蓝海
300362.SZ,天翔环境
600797.SH,浙大网新
002653.SZ,海思科
603689.SH,皖天然气
002043.SZ,兔宝宝
002286.SZ,保龄宝
002327.SZ,富安娜
300051.SZ,三五互联
603588.SH,高能环境
300358.SZ,楚天科技
600677.SH,航天通信
300407.SZ,凯发电气
603099.SH,长白山
002457.SZ,青龙管业
300643.SZ,万通智控
600153.SH,建发股份
600643.SH,爱建集团
600687.SH,刚泰控股
002176.SZ,江特电机
002561.SZ,徐家汇
002156.SZ,通富微电
002694.SZ,顾地科技
600827.SH,百联股份
600295.SH,鄂尔多斯
600410.SH,华胜天成
002403.SZ,爱仕达
300196.SZ,长海股份
603299.SH,井神股份
002233.SZ,塔牌集团
002123.SZ,梦网集团
002644.SZ,佛慈制药
002705.SZ,新宝股份
300184.SZ,力源信息
002020.SZ,京新药业
300087.SZ,荃银高科
300138.SZ,晨光生物
300366.SZ,创意信息
002264.SZ,新华都
002078.SZ,太阳纸业
600508.SH,上海能源
002237.SZ,恒邦股份
002158.SZ,汉钟精机
603000.SH,人民网
603628.SH,清源股份
603703.SH,盛洋科技
000789.SZ,万年青
002107.SZ,沃华医药
601838.SH,成都银行
300145.SZ,中金环境
600272.SH,开开实业
603020.SH,爱普股份
300336.SZ,新文化
600435.SH,北方导航
603009.SH,北特科技
300020.SZ,银江股份
002290.SZ,中科新材
002706.SZ,良信电器
300208.SZ,恒顺众N
600590.SH,泰豪科技
000948.SZ,南天信息
300243.SZ,瑞丰高材
300435.SZ,中泰股份
000726.SZ,鲁泰A
000828.SZ,东莞控股
002855.SZ,捷荣技术
601579.SH,会稽山
000014.SZ,沙河股份
002605.SZ,姚记扑克
000657.SZ,中钨高新
002785.SZ,万里石
300334.SZ,津膜科技
600829.SH,人民同泰
300045.SZ,华力创通
002401.SZ,中远海科
603067.SH,振华股份
603389.SH,亚振家居
603958.SH,哈森股份
600740.SH,山西焦化
300281.SZ,金明精机
002736.SZ,国信证券
300119.SZ,瑞普生物
002658.SZ,雪迪龙
600890.SH,中房股份
603321.SH,梅轮电梯
002590.SZ,万安科技
002618.SZ,丹邦科技
002649.SZ,博彦科技
002229.SZ,鸿博股份
002686.SZ,亿利达
600851.SH,海欣股份
300328.SZ,宜安科技
002053.SZ,云南能投
300354.SZ,东华测试
002137.SZ,麦达数字
000693.SZ,*ST华泽
600618.SH,氯碱化工
300599.SZ,雄塑科技
002711.SZ,欧浦智网
300253.SZ,卫宁健康
601699.SH,潞安环能
300339.SZ,润和软件
600381.SH,青海春天
600438.SH,通威股份
600029.SH,南方航空
000026.SZ,飞亚达A
002678.SZ,珠江钢琴
300355.SZ,蒙草生态
601137.SH,博威合金
603668.SH,天马科技
300120.SZ,经纬电材
300344.SZ,太空智造
600058.SH,五矿发展
000877.SZ,天山股份
601007.SH,金陵饭店
600463.SH,空港股份
600501.SH,航天晨光
000695.SZ,滨海能源
002747.SZ,埃斯顿
600390.SH,五矿资本
002674.SZ,兴业科技
002077.SZ,大港股份
300402.SZ,宝色股份
300114.SZ,中航电测
601766.SH,中国中车
603636.SH,南威软件
300235.SZ,方直科技
600619.SH,海立股份
600857.SH,宁波中百
002643.SZ,万润股份
002655.SZ,共达电声
300231.SZ,银信科技
002730.SZ,电光科技
600765.SH,中航重机
601086.SH,国芳集团
002772.SZ,众兴菌业
603167.SH,渤海轮渡
000800.SZ,一汽轿车
600491.SH,龙元建设
601801.SH,皖新传媒
002250.SZ,联化科技
002698.SZ,博实股份
600305.SH,恒顺醋业
300041.SZ,回天新材
300197.SZ,铁汉生态
000665.SZ,湖北广电
002063.SZ,远光软件
002066.SZ,瑞泰科技
600678.SH,四川金顶
601366.SH,利群股份
601881.SH,中国银河
600720.SH,祁连山
600965.SH,福成股份
603558.SH,健盛集团
000610.SZ,西安旅游
000708.SZ,大冶特钢
002675.SZ,东诚药业
600100.SH,同方股份
000410.SZ,沈阳机床
000688.SZ,建新矿业
002316.SZ,键桥通讯
600761.SH,安徽合力
600579.SH,天华院
600969.SH,郴电国际
603606.SH,东方电缆
603855.SH,华荣股份
601933.SH,永辉超市
002166.SZ,莱茵生物
000402.SZ,金融街
600766.SH,园城黄金
300190.SZ,维尔利
603608.SH,天创时尚
002364.SZ,中恒电气
600843.SH,上工申贝
300515.SZ,三德科技
600215.SH,长春经开
002307.SZ,北新路桥
300465.SZ,高伟达
300555.SZ,路通视信
002681.SZ,奋达科技
600367.SH,红星发展
600695.SH,绿庭投资
002563.SZ,森马服饰
600655.SH,豫园股份
603838.SH,四通股份
000685.SZ,中山公用
002112.SZ,三变科技
600623.SH,华谊集团
002522.SZ,浙江众成
600278.SH,东方创业
601900.SH,南方传媒
300182.SZ,捷成股份
600728.SH,佳都科技
000032.SZ,深桑达A
300277.SZ,海联讯
600992.SH,贵绳股份
600673.SH,东阳光科
300019.SZ,硅宝科技
600200.SH,江苏吴中
600634.SH,富控互动
601611.SH,中国核建
300054.SZ,鼎龙股份
600466.SH,蓝光发展
300466.SZ,赛摩电气
600422.SH,昆药集团
603196.SH,日播时尚
002235.SZ,安妮股份
002465.SZ,海格通信
300153.SZ,科泰电源
600080.SH,金花股份
000597.SZ,东北制药
600838.SH,上海九百
601186.SH,中国铁建
300177.SZ,中海达
600489.SH,中金黄金
601019.SH,山东出版
300023.SZ,宝德股份
300313.SZ,天山生物
600213.SH,亚星客车
600416.SH,湘电股份
600630.SH,龙头股份
000987.SZ,越秀金控
002355.SZ,兴民智通
002660.SZ,茂硕电源
000909.SZ,数源科技
300310.SZ,宜通世纪
600377.SH,宁沪高速
002248.SZ,*ST东数
600543.SH,莫高股份
300272.SZ,开能环保
600180.SH,瑞茂通
600892.SH,大晟文化
002139.SZ,拓邦股份
300390.SZ,天华超净
000926.SZ,福星股份
002461.SZ,珠江啤酒
600773.SH,西藏城投
000524.SZ,岭南控股
600717.SH,天津港
600721.SH,百花村
603100.SH,川仪股份
000902.SZ,新洋丰
002201.SZ,九鼎新材
600206.SH,有研新材
000980.SZ,众泰汽车
002217.SZ,合力泰
600012.SH,皖通高速
002187.SZ,广百股份
002566.SZ,益盛药业
002197.SZ,证通电子
002308.SZ,威创股份
002682.SZ,龙洲股份
300330.SZ,华虹计通
000090.SZ,天健集团
000426.SZ,兴业矿业
000687.SZ,华讯方舟
002232.SZ,启明信息
600285.SH,羚锐制药
600901.SH,江苏租赁
002155.SZ,湖南黄金
002146.SZ,荣盛发展
600789.SH,鲁抗医药
000888.SZ,峨眉山A
002297.SZ,博云新材
600209.SH,罗顿发展
600335.SH,国机汽车
300254.SZ,仟源医药
000519.SZ,中兵红箭
300010.SZ,立思辰
002200.SZ,云投生态
603609.SH,禾丰牧业
002548.SZ,金新农
600658.SH,电子城
000045.SZ,深纺织A
002673.SZ,西部证券
002685.SZ,华东重机
300141.SZ,和顺电气
300187.SZ,永清环保
600755.SH,厦门国贸
603817.SH,海峡环保
600250.SH,南纺股份
000905.SZ,厦门港务
002591.SZ,恒大高新
300027.SZ,华谊兄弟
000957.SZ,中通客车
002787.SZ,华源控股
600727.SH,鲁北化工
300228.SZ,富瑞特装
000785.SZ,武汉中商
002472.SZ,双环传动
601515.SH,东风股份
002367.SZ,康力电梯
002633.SZ,申科股份
300112.SZ,万讯自控
300425.SZ,环能科技
002116.SZ,中国海诚
002835.SZ,同为股份
600099.SH,林海股份
002126.SZ,银轮股份
300293.SZ,蓝英装备
000829.SZ,天音控股
001965.SZ,招商公路
000735.SZ,罗牛山
002108.SZ,沧州明珠
600571.SH,信雅达
000060.SZ,中金岭南
002056.SZ,横店东磁
300297.SZ,蓝盾股份
603126.SH,中材节能
000848.SZ,承德露露
002285.SZ,世联行
300011.SZ,鼎汉技术
600070.SH,浙江富润
600128.SH,弘业股份
000059.SZ,华锦股份
002129.SZ,中环股份
002547.SZ,春兴精工
002167.SZ,东方锆业
002513.SZ,蓝丰生化
300078.SZ,思创医惠
600628.SH,新世界
000880.SZ,潍柴重机
002194.SZ,武汉凡谷
002331.SZ,皖通科技
600692.SH,亚通股份
603335.SH,迪生力
603979.SH,金诚信
600545.SH,卓郎智能
600155.SH,宝硕股份
600996.SH,贵广网络
600284.SH,浦东建设
300539.SZ,横河模具
600674.SH,川投能源
000628.SZ,高新发展
601678.SH,滨化股份
601858.SH,中国科传
600015.SH,华夏银行
600328.SH,兰太实业
601567.SH,三星医疗
000043.SZ,中航地产
002029.SZ,七匹狼
002125.SZ,湘潭电化
002448.SZ,中原内配
300159.SZ,新研股份
300259.SZ,新天科技
300289.SZ,利德曼
002326.SZ,永太科技
300205.SZ,天喻信息
601668.SH,中国建筑
002631.SZ,德尔未来
002402.SZ,和而泰
600490.SH,鹏欣资源
002023.SZ,海特高新
002786.SZ,银宝山新
000823.SZ,超声电子
600787.SH,中储股份
000728.SZ,国元证券
002527.SZ,新时达
002608.SZ,江苏国信
002620.SZ,瑞和股份
300322.SZ,硕贝德
600817.SH,*ST宏盛
600970.SH,中材国际
600834.SH,申通地铁
600499.SH,科达洁能
603028.SH,赛福天
002446.SZ,盛路通信
002534.SZ,杭锅股份
600089.SH,特变电工
600875.SH,东方电气
600810.SH,神马股份
002270.SZ,华明装备
600861.SH,北京城乡
002295.SZ,精艺股份
002390.SZ,信邦制药
600651.SH,飞乐音响
600883.SH,博闻科技
600995.SH,文山电力
000615.SZ,京汉股份
300287.SZ,飞利信
002124.SZ,天邦股份
000502.SZ,绿景控股
000609.SZ,中迪投资
002443.SZ,金洲管道
600312.SH,平高电气
600021.SH,上海电力
002245.SZ,澳洋顺昌
300412.SZ,迦南科技
600122.SH,宏图高科
000070.SZ,特发信息
000722.SZ,湖南发展
000797.SZ,中国武夷
300360.SZ,炬华科技
600207.SH,安彩高科
002418.SZ,康盛股份
600068.SH,葛洲坝
002196.SZ,方正电机
603993.SH,洛阳钼业
002071.SZ,长城影视
300359.SZ,全通教育
600203.SH,福日电子
600882.SH,广泽股份
002758.SZ,华通医药
002441.SZ,众业达
002501.SZ,利源精制
600379.SH,宝光股份
000929.SZ,兰州黄河
601006.SH,大秦铁路
002637.SZ,赞宇科技
002332.SZ,仙琚制药
600125.SH,铁龙物流
000507.SZ,珠海港
002086.SZ,东方海洋
002203.SZ,海亮股份
600273.SH,嘉化能源
002231.SZ,奥维通信
300234.SZ,开尔新材
600326.SH,西藏天路
002700.SZ,新疆浩源
002068.SZ,黑猫股份
002774.SZ,快意电梯
300147.SZ,香雪制药
600409.SH,三友化工
002470.SZ,金正大
002743.SZ,富煌钢构
600548.SH,深高速
000613.SZ,大东海A
000798.SZ,中水渔业
600177.SH,雅戈尔
000541.SZ,佛山照明
600202.SH,哈空调
600477.SH,杭萧钢构
000559.SZ,万向钱潮
600387.SH,海越股份
000528.SZ,柳工
000993.SZ,闽东电力
300064.SZ,豫金刚石
300471.SZ,厚普股份
002238.SZ,天威视讯
600971.SH,恒源煤电
000920.SZ,南方汇通
002033.SZ,丽江旅游
002521.SZ,齐峰新材
000976.SZ,华铁股份
002046.SZ,轴研科技
002093.SZ,国脉科技
002140.SZ,东华科技
002149.SZ,西部材料
601886.SH,江河集团
002434.SZ,万里扬
600019.SH,宝钢股份
600894.SH,广日股份
000638.SZ,万方发展
000701.SZ,厦门信达
000759.SZ,中百集团
300200.SZ,高盟新材
600229.SH,城市传媒
002339.SZ,积成电子
600532.SH,宏达矿业
000430.SZ,张家界
002479.SZ,富春环保
600707.SH,彩虹股份
000715.SZ,中兴商业
002209.SZ,达意隆
002538.SZ,司尔特
300273.SZ,和佳股份
000719.SZ,中原传媒
002350.SZ,北京科锐
300440.SZ,运达科技
600059.SH,古越龙山
300093.SZ,金刚玻璃
600592.SH,龙溪股份
601798.SH,蓝科高新
600191.SH,华资实业
000089.SZ,深圳机场
000582.SZ,北部湾港
002432.SZ,九安医疗
300326.SZ,凯利泰
000036.SZ,华联控股
002433.SZ,太安堂
002750.SZ,龙津药业
002351.SZ,漫步者
000953.SZ,*ST河化
002191.SZ,劲嘉股份
600240.SH,华业资本
600376.SH,首开股份
002134.SZ,*ST普林
600354.SH,敦煌种业
600862.SH,中航高科
600714.SH,金瑞矿业
600846.SH,同济科技
002552.SZ,宝鼎科技
600101.SH,明星电力
600580.SH,卧龙电气
000790.SZ,泰合健康
002118.SZ,紫鑫药业
000505.SZ,京粮控股
002378.SZ,章源钨业
300057.SZ,万顺股份
603117.SH,万林股份
603828.SH,柯利达
000919.SZ,金陵药业
002369.SZ,卓翼科技
002416.SZ,爱施德
600561.SH,江西长运
002474.SZ,榕基软件
601965.SH,中国汽研
000813.SZ,德展健康
002298.SZ,中电鑫龙
000099.SZ,中信海直
300108.SZ,吉药控股
600620.SH,天宸股份
000021.SZ,深科技
601009.SH,南京银行
600016.SH,民生银行
600031.SH,三一重工
600613.SH,神奇制药
601500.SH,通用股份
000981.SZ,银亿股份
002289.SZ,宇顺电子
600330.SH,天通股份
000069.SZ,华侨城A
600513.SH,联环药业
000633.SZ,合金投资
600608.SH,*ST沪科
300050.SZ,世纪鼎利
300534.SZ,陇神戎发
601002.SH,晋亿实业
002334.SZ,英威腾
600737.SH,中粮糖业
600738.SH,兰州民百
000690.SZ,宝新能源
600057.SH,象屿股份
600109.SH,国金证券
601555.SH,东吴证券
300077.SZ,国民技术
000560.SZ,昆百大A
002839.SZ,张家港行
300074.SZ,华平股份
002564.SZ,天沃科技
600149.SH,*ST坊展
600360.SH,华微电子
000338.SZ,潍柴动力
002100.SZ,天康生物
002724.SZ,海洋王
300224.SZ,正海磁材
002150.SZ,通润装备
002579.SZ,中京电子
600116.SH,三峡水利
600172.SH,黄河旋风
601368.SH,绿城水务
002091.SZ,江苏国泰
603901.SH,永创智能
600458.SH,时代新材
002752.SZ,N兴股份
002586.SZ,围海股份
000429.SZ,粤高速A
002559.SZ,亚威股份
600123.SH,兰花科创
000627.SZ,天茂集团
300356.SZ,光一科技
002455.SZ,百川股份
600649.SH,城投控股
601857.SH,中国石油
600280.SH,中央商场
603011.SH,合锻智能
002606.SZ,大连电瓷
300171.SZ,东富龙
002666.SZ,德联集团
002065.SZ,东华软件
000153.SZ,丰原药业
002115.SZ,三维通信
002797.SZ,第一创业
600110.SH,诺德股份
600978.SH,宜华生活
601028.SH,玉龙股份
000906.SZ,浙商中拓
002321.SZ,华英农业
600483.SH,福能股份
002598.SZ,山东章鼓
600865.SH,百大集团
601225.SH,陕西煤业
000686.SZ,东北证券
600288.SH,大恒科技
600356.SH,恒丰纸业
000983.SZ,西山煤电
002740.SZ,爱迪尔
300030.SZ,阳普医疗
300329.SZ,海伦钢琴
002104.SZ,恒宝股份
601222.SH,林洋能源
002482.SZ,广田集团
600961.SH,株冶集团
000851.SZ,高鸿股份
002216.SZ,三全食品
600616.SH,金枫酒业
600723.SH,首商股份
002148.SZ,北纬科技
300213.SZ,佳讯飞鸿
000852.SZ,石化机械
300167.SZ,迪威迅
603323.SH,吴江银行
002600.SZ,领益智造
300218.SZ,安利股份
600168.SH,武汉控股
000731.SZ,四川美丰
300265.SZ,通光线缆
600096.SH,云天化
600319.SH,亚星化学
002349.SZ,精华制药
600095.SH,哈高科
600351.SH,亚宝药业
600746.SH,江苏索普
600917.SH,重庆燃气
002484.SZ,江海股份
002822.SZ,中装建设
601939.SH,建设银行
002106.SZ,莱宝高科
002207.SZ,*ST准油
300261.SZ,雅本化学
300262.SZ,巴安水务
300419.SZ,浩丰科技
000807.SZ,云铝股份
000969.SZ,安泰科技
000995.SZ,皇台酒业
002300.SZ,太阳电缆
002553.SZ,南方轴承
601369.SH,陕鼓动力
000810.SZ,创维数字
002551.SZ,尚荣医疗
002651.SZ,利君股份
300299.SZ,富春股份
600198.SH,大唐电信
002473.SZ,*ST圣莱
002632.SZ,道明光学
600775.SH,南京熊猫
603528.SH,多伦科技
002178.SZ,延华智能
300102.SZ,乾照光电
600879.SH,航天电子
002639.SZ,雪人股份
300029.SZ,天龙光电
300333.SZ,兆日科技
600418.SH,江淮汽车
600573.SH,惠泉啤酒
600831.SH,广电网络
000417.SZ,合肥百货
000967.SZ,盈峰环境
600526.SH,菲达环保
601390.SH,中国中铁
603015.SH,弘讯科技
002276.SZ,万马股份
300107.SZ,建新股份
600731.SH,湖南海利
002431.SZ,棕榈股份
300094.SZ,国联水产
000917.SZ,电广传媒
000978.SZ,桂林旅游
002017.SZ,东信和平
300040.SZ,九洲电气
600814.SH,杭州解百
601177.SH,杭齿前进
000413.SZ,东旭光电
000822.SZ,山东海化
002215.SZ,诺普信
002616.SZ,长青集团
300192.SZ,科斯伍德
300368.SZ,汇金股份
603030.SH,全筑股份
000806.SZ,银河生物
002175.SZ,东方网络
002480.SZ,新筑股份
002182.SZ,云海金属
600090.SH,同济堂
600325.SH,华发股份
600365.SH,通葡股份
601015.SH,陕西黑猫
000713.SZ,丰乐种业
002284.SZ,亚太股份
002340.SZ,格林美
002494.SZ,华斯股份
002531.SZ,天顺风能
600303.SH,曙光股份
000158.SZ,常山北明
000911.SZ,南宁糖业
002164.SZ,宁波东力
600189.SH,吉林森工
000523.SZ,广州浪奇
600919.SH,江苏银行
000671.SZ,阳光城
000705.SZ,浙江震元
000012.SZ,南玻A
000061.SZ,农产品
000554.SZ,泰山石油
000876.SZ,新希望
000892.SZ,欢瑞世纪
000933.SZ,神火股份
600297.SH,广汇汽车
600606.SH,绿地控股
002425.SZ,凯撒文化
300162.SZ,雷曼股份
300215.SZ,电科院
601139.SH,深圳燃气
000729.SZ,燕京啤酒
300132.SZ,青松股份
600421.SH,ST仰帆
600712.SH,南宁百货
000611.SZ,天首发展
000936.SZ,华西股份
300058.SZ,蓝色光标
600348.SH,阳泉煤业
600667.SH,太极实业
603023.SH,威帝股份
300591.SZ,万里马
600073.SH,上海梅林
601928.SH,凤凰传媒
000037.SZ,深南电A
000612.SZ,焦作万方
002185.SZ,华天科技
002224.SZ,三力士
002571.SZ,*ST德力
603166.SH,福达股份
002388.SZ,新亚制程
601117.SH,中国化学
002381.SZ,双箭股份
002542.SZ,中化岩土
600247.SH,ST成城
600500.SH,中化国际
000006.SZ,深振业A
300083.SZ,劲胜智能
300193.SZ,佳士科技
000922.SZ,*ST佳电
002377.SZ,国创高新
002500.SZ,山西证券
603128.SH,华贸物流
002073.SZ,软控股份
002502.SZ,骅威文化
600094.SH,大名城
000055.SZ,方大集团
000066.SZ,中国长城
000783.SZ,长江证券
002243.SZ,通产丽星
002220.SZ,天宝食品
002540.SZ,亚太科技
300267.SZ,尔康制药
600115.SH,东方航空
600292.SH,远达环保
600820.SH,隧道股份
000008.SZ,神州高铁
002244.SZ,滨江集团
603123.SH,翠微股份
000561.SZ,烽火电子
000565.SZ,渝三峡A
002588.SZ,史丹利
601011.SH,宝泰隆
002330.SZ,得利斯
300376.SZ,易事特
600493.SH,凤竹纺织
600908.SH,无锡银行
000088.SZ,盐田港
002683.SZ,宏大爆破
000030.SZ,富奥股份
000932.SZ,华菱钢铁
300420.SZ,五洋停车
600018.SH,上港集团
000835.SZ,长城动漫
002026.SZ,山东威达
300092.SZ,科新机电
300307.SZ,慈星股份
600251.SH,冠农股份
600886.SH,国投电力
000551.SZ,创元科技
002363.SZ,隆基机械
000587.SZ,金洲慈航
002079.SZ,苏州固锝
300320.SZ,海达股份
300206.SZ,理邦仪器
603169.SH,兰石重装
600858.SH,银座股份
600959.SH,江苏有线
601038.SH,一拖股份
002652.SZ,扬子新材
002615.SZ,哈尔斯
600698.SH,湖南天雁
601169.SH,北京银行
603999.SH,读者传媒
000788.SZ,北大医药
000601.SZ,韶能股份
600830.SH,香溢融通
601999.SH,出版传媒
000811.SZ,冰轮环境
000839.SZ,中信国安
002807.SZ,江阴银行
600238.SH,海南椰岛
600603.SH,广汇物流
600693.SH,东百集团
600802.SH,福建水泥
603300.SH,华铁科技
300249.SZ,依米康
002096.SZ,南岭民爆
002438.SZ,江苏神通
603778.SH,乾景园林
601969.SH,海南矿业
603118.SH,共进股份
000918.SZ,嘉凯城
002097.SZ,山河智能
002267.SZ,陕天然气
002453.SZ,天马精化
300172.SZ,中电环保
300319.SZ,麦捷科技
600602.SH,云赛智联
600909.SH,华安证券
601958.SH,金钼股份
600075.SH,新疆天业
600011.SH,华能国际
600359.SH,新农开发
000619.SZ,海螺型材
600572.SH,康恩贝
601128.SH,常熟银行
002183.SZ,怡亚通
002274.SZ,华昌化工
300008.SZ,天海防务
600770.SH,综艺股份
300151.SZ,昌红科技
601669.SH,中国电建
300095.SZ,华伍股份
600652.SH,游久游戏
603618.SH,杭电股份
000886.SZ,海南高速
300305.SZ,裕兴股份
600327.SH,大东方
002152.SZ,广电运通
300350.SZ,华鹏飞
002386.SZ,天原集团
300088.SZ,长信科技
600531.SH,豫光金铅
000531.SZ,穗恒运A
600710.SH,ST常林
002574.SZ,明牌珠宝
600028.SH,中国石化
600293.SH,三峡新材
601985.SH,中国核电
000702.SZ,正虹科技
002012.SZ,凯恩股份
002509.SZ,天广中茂
600358.SH,国旅联合
600617.SH,国新能源
601101.SH,昊华能源
601168.SH,西部矿业
002629.SZ,仁智股份
600821.SH,津劝业
600889.SH,南京化纤
300021.SZ,大禹节水
300160.SZ,秀强股份
600552.SH,凯盛科技
000016.SZ,深康佳A
000791.SZ,甘肃电投
603012.SH,创力集团
600708.SH,光明地产
002011.SZ,盾安环境
002404.SZ,嘉欣丝绸
002467.SZ,二六三
600736.SH,苏州高新
600988.SH,赤峰黄金
000961.SZ,中南建设
002171.SZ,楚江新材
300131.SZ,英唐智控
601126.SH,四方股份
002054.SZ,德美化工
002687.SZ,乔治白
300256.SZ,星星科技
600400.SH,红豆股份
002280.SZ,联络互动
300175.SZ,朗源股份
600178.SH,东安动力
600287.SH,江苏舜天
600767.SH,*ST运盛
300242.SZ,明家联合
600757.SH,长江传媒
601998.SH,中信银行
000155.SZ,川化股份
300099.SZ,精准信息
002188.SZ,ST巴士
002406.SZ,远东传动
002585.SZ,双星新材
300148.SZ,天舟文化
600604.SH,市北高新
601158.SH,重庆水务
000600.SZ,建投能源
600984.SH,建设机械
000608.SZ,阳光股份
002587.SZ,奥拓电子
300002.SZ,神州泰岳
000955.SZ,欣龙控股
600828.SH,茂业商业
002004.SZ,华邦健康
600152.SH,维科精华
600502.SH,安徽水利
300181.SZ,佐力药业
300157.SZ,恒泰艾普
601377.SH,兴业证券
002360.SZ,同德化工
002109.SZ,兴化股份
002214.SZ,大立科技
002375.SZ,亚厦股份
002567.SZ,唐人神
002688.SZ,金河生物
300164.SZ,通源石油
600212.SH,江泉实业
002318.SZ,久立特材
000510.SZ,金路集团
300315.SZ,掌趣科技
600199.SH,金种子酒
002261.SZ,拓维信息
300106.SZ,西部牧业
000514.SZ,渝开发
000782.SZ,美达股份
000893.SZ,东凌国际
002556.SZ,辉隆股份
002665.SZ,首航节能
600626.SH,申达股份
600680.SH,*ST上普
600704.SH,物产中大
002255.SZ,海陆重工
002296.SZ,辉煌科技
000931.SZ,中关村
600218.SH,全柴动力
601212.SH,白银有色
002002.SZ,鸿达兴业
002303.SZ,美盈森
600891.SH,秋林集团
002476.SZ,宝莫股份
600232.SH,金鹰股份
601328.SH,交通银行
000058.SZ,深赛格
002135.SZ,东南网架
600497.SH,驰宏锌锗
603766.SH,隆鑫通用
000801.SZ,四川九洲
600510.SH,黑牡丹
600796.SH,钱江生化
000868.SZ,安凯客车
002628.SZ,成都路桥
600301.SH,ST南化
000529.SZ,广弘控股
600791.SH,京能置业
002328.SZ,新朋股份
300039.SZ,上海凯宝
600505.SH,西昌电力
002703.SZ,浙江世宝
002249.SZ,大洋电机
600583.SH,海油工程
002397.SZ,梦洁股份
002549.SZ,凯美特气
300082.SZ,奥克股份
600800.SH,天津磁卡
300255.SZ,常山药业
600243.SH,青海华鼎
600355.SH,精伦电子
600732.SH,ST新梅
601599.SH,鹿港文化
300110.SZ,华仁药业
600468.SH,百利电气
601398.SH,工商银行
300304.SZ,云意电气
600860.SH,*ST京城
600983.SH,惠而浦
000548.SZ,湖南投资
002323.SZ,雅百特
600098.SH,广州发展
600461.SH,洪城水业
600624.SH,复旦复华
000755.SZ,*ST三维
002226.SZ,江南化工
002291.SZ,星期六
002523.SZ,天桥起重
300165.SZ,天瑞仪器
600550.SH,保变电气
601949.SH,中国出版
002654.SZ,万润科技
601717.SH,郑煤机
000679.SZ,大连友谊
300211.SZ,亿通科技
002329.SZ,皇氏集团
600217.SH,中再资环
000833.SZ,贵糖股份
002006.SZ,精功科技
002519.SZ,银河电子
000301.SZ,东方市场
000498.SZ,山东路桥
600864.SH,哈投股份
600939.SH,重庆建工
000678.SZ,襄阳轴承
600576.SH,祥源文化
600688.SH,上海石化
600126.SH,杭钢股份
002089.SZ,新海宜
603333.SH,明星电缆
000620.SZ,新华联
002344.SZ,海宁皮城
300139.SZ,晓程科技
600395.SH,盘江股份
600429.SH,三元股份
600758.SH,红阳能源
601919.SH,中远海控
600131.SH,岷江水电
600975.SH,新五丰
600981.SH,汇鸿集团
601375.SH,中原证券
300084.SZ,海默科技
601901.SH,方正证券
600308.SH,华泰股份
600235.SH,民丰特纸
600322.SH,天房发展
601727.SH,上海电气
600405.SH,动力源
600662.SH,强生控股
002015.SZ,霞客环保
002084.SZ,海鸥住工
002514.SZ,宝馨科技
300179.SZ,四方达
600143.SH,金发科技
601777.SH,力帆股份
000018.SZ,神州长城
000717.SZ,韶钢松山
300018.SZ,中元股份
300169.SZ,天晟新材
600730.SH,中国高科
000078.SZ,海王生物
600776.SH,东方通信
600268.SH,国电南自
600684.SH,珠江实业
300264.SZ,佳创视讯
002550.SZ,千红制药
000518.SZ,四环生物
002492.SZ,恒基达鑫
600227.SH,赤天化
000009.SZ,中国宝安
002385.SZ,大北农
300126.SZ,锐奇股份
600676.SH,交运股份
000898.SZ,鞍钢股份
600936.SH,广西广电
000739.SZ,普洛药业
002671.SZ,龙泉股份
002676.SZ,顺威股份
300154.SZ,瑞凌股份
000599.SZ,青岛双星
600644.SH,乐山电力
600722.SH,金牛化工
000409.SZ,山东地矿
600139.SH,西部资源
600963.SH,岳阳林纸
000407.SZ,胜利股份
002314.SZ,南山控股
600439.SH,瑞贝卡
300201.SZ,海伦哲
600192.SH,长城电工
002141.SZ,贤丰控股
000691.SZ,亚太实业
000758.SZ,中色股份
600302.SH,标准股份
600538.SH,国发股份
600236.SH,桂冠电力
600350.SH,山东高速
300035.SZ,中科电气
600748.SH,上实发展
603366.SH,日出东方
000027.SZ,深圳能源
002160.SZ,常铝股份
300080.SZ,易成新能
600082.SH,海泰发展
600279.SH,重庆港九
600509.SH,天富能源
600353.SH,旭光股份
002697.SZ,红旗连锁
600642.SH,申能股份
002105.SZ,信隆健康
002211.SZ,宏达新材
600067.SH,冠城大通
601890.SH,亚星锚链
600151.SH,航天机电
002526.SZ,山东矿机
600130.SH,波导股份
600896.SH,览海投资
000795.SZ,英洛华
002067.SZ,景兴纸业
600050.SH,中国联通
600888.SH,新疆众和
000655.SZ,金岭矿业
001696.SZ,宗申动力
300129.SZ,泰胜风能
600556.SH,ST慧球
600683.SH,京投发展
000632.SZ,三木集团
002083.SZ,孚日股份
600478.SH,科力远
300062.SZ,中能电气
601118.SH,海南橡胶
000416.SZ,民生控股
600869.SH,智慧能源
601003.SH,柳钢股份
002533.SZ,金杯电工
600825.SH,新华传媒
600844.SH,丹化科技
600966.SH,博汇纸业
002452.SZ,长高集团
000017.SZ,深中华A
000419.SZ,通程控股
600249.SH,两面针
600310.SH,桂东电力
000404.SZ,华意压缩
002701.SZ,奥瑞金
600023.SH,浙能电力
601636.SH,旗滨集团
600719.SH,大连热电
600503.SH,华丽家族
601718.SH,际华集团
000698.SZ,沈阳化工
000637.SZ,茂化实华
000725.SZ,京东方A
000825.SZ,太钢不锈
600277.SH,亿利洁能
600517.SH,置信电气
600782.SH,新钢股份
002516.SZ,旷达科技
600713.SH,南京医药
600929.SH,湖南盐业
002130.SZ,沃尔核材
002565.SZ,顺灏股份
600333.SH,长春燃气
600805.SH,悦达投资
000928.SZ,中钢国际
300239.SZ,东宝生物
600589.SH,广东榕泰
002170.SZ,芭田股份
002195.SZ,二三四五
300117.SZ,嘉寓股份
600705.SH,中航资本
600790.SH,轻纺城
601208.SH,东材科技
601339.SH,百隆东方
000965.SZ,天保基建
002702.SZ,海欣食品
300194.SZ,福安药业
300332.SZ,天壕环境
600105.SH,永鼎股份
600337.SH,美克家居
600415.SH,小商品城
002708.SZ,光洋股份
601228.SH,广州港
002342.SZ,巨力索具
600997.SH,开滦股份
002469.SZ,三维工程
300263.SZ,隆华节能
600026.SH,中远海能
000837.SZ,秦川机床
600185.SH,格力地产
601700.SH,风范股份
000908.SZ,景峰医药
002172.SZ,澳洋科技
002539.SZ,云图控股
002634.SZ,棒杰股份
601018.SH,宁波港
600462.SH,九有股份
000421.SZ,南京公用
600769.SH,祥龙电业
300155.SZ,安居宝
600368.SH,五洲交通
600675.SH,中华企业
000721.SZ,西安饮食
601326.SH,秦港股份
002436.SZ,兴森科技
600121.SH,*ST郑煤
000656.SZ,金科股份
600696.SH,ST匹凸
601001.SH,大同煤业
002099.SZ,海翔药业
300105.SZ,龙源技术
600470.SH,六国化工
600495.SH,晋西车轴
600664.SH,哈药股份
600873.SH,梅花生物
002570.SZ,贝因美
300214.SZ,日科化学
300318.SZ,博晖创新
600530.SH,交大昂立
002145.SZ,中核钛白
300210.SZ,森远股份
600248.SH,延长化建
600558.SH,大西洋
601666.SH,平煤股份
601989.SH,中国重工
002693.SZ,双成药业
002510.SZ,天汽模
300006.SZ,莱美药业
600819.SH,耀皮玻璃
000670.SZ,盈方微
002638.SZ,勤上股份
600008.SH,首创股份
601898.SH,中煤能源
600281.SH,太化股份
300043.SZ,星辉娱乐
600657.SH,信达地产
000973.SZ,佛塑科技
002165.SZ,红宝丽
000607.SZ,华媒控股
002288.SZ,超华科技
300025.SZ,华星创业
002087.SZ,新野纺织
300247.SZ,乐金健康
600311.SH,荣华实业
000838.SZ,财信发展
000937.SZ,冀中能源
000716.SZ,黑芝麻
000723.SZ,美锦能源
000570.SZ,苏常柴A
002206.SZ,海利得
600609.SH,金杯汽车
600375.SH,华菱星马
000530.SZ,大冷股份
600320.SH,振华重工
000650.SZ,仁和药业
600716.SH,凤凰股份
601199.SH,江南水务
000166.SZ,申万宏源
000899.SZ,赣能股份
300150.SZ,世纪瑞尔
300292.SZ,吴通控股
600173.SH,卧龙地产
603002.SH,宏昌电子
002277.SZ,友阿股份
002421.SZ,达实智能
002426.SZ,胜利精密
000700.SZ,模塑科技
002283.SZ,天润曲轴
601600.SH,中国铝业
600006.SH,东风汽车
600187.SH,国中水务
600269.SH,赣粤高速
600635.SH,大众公用
600823.SH,世茂股份
000598.SZ,兴蓉环境
000780.SZ,*ST平能
002064.SZ,华峰氨纶
002447.SZ,晨鑫科技
002337.SZ,赛象科技
002347.SZ,泰尔股份
601908.SH,京运通
002478.SZ,常宝股份
600611.SH,大众交通
000778.SZ,新兴铸管
001896.SZ,豫能控股
300005.SZ,探路者
300063.SZ,天龙集团
600386.SH,北巴传媒
600361.SH,华联综超
600469.SH,风神股份
600778.SH,友好集团
002272.SZ,川润股份
600836.SH,界龙实业
000543.SZ,皖能电力
002076.SZ,雪莱特
002361.SZ,神剑股份
300283.SZ,温州宏丰
300345.SZ,红宇新材
600527.SH,江南高纤
601226.SH,华电重工
600020.SH,中原高速
601992.SH,金隅集团
002503.SZ,搜于特
300022.SZ,吉峰农机
603227.SH,雪峰科技
002483.SZ,润邦股份
002689.SZ,远大智能
000959.SZ,首钢股份
600854.SH,春兰股份
000863.SZ,三湘印象
600428.SH,中远海特
000573.SZ,粤宏远A
601333.SH,广深铁路
002169.SZ,智光电气
600979.SH,广安爱众
000591.SZ,太阳能
002400.SZ,省广股份
300012.SZ,华测检测
300163.SZ,先锋新材
002102.SZ,冠福股份
300076.SZ,GQY视讯
600091.SH,ST明科
600208.SH,新湖中宝
600210.SH,紫江企业
601899.SH,紫金矿业
601968.SH,宝钢包装
000760.SZ,斯太尔
002177.SZ,御银股份
600488.SH,天药股份
601000.SH,唐山港
002496.SZ,辉丰股份
000571.SZ,新大洲A
002157.SZ,正邦科技
000836.SZ,鑫茂科技
002062.SZ,宏润建设
002379.SZ,宏创控股
600222.SH,太龙药业
600853.SH,龙建股份
002225.SZ,濮耐股份
600567.SH,山鹰纸业
600811.SH,东方集团
000539.SZ,粤电力A
600117.SH,西宁特钢
600881.SH,亚泰集团
000751.SZ,锌业股份
002528.SZ,英飞拓
600156.SH,华升股份
000159.SZ,国际实业
000652.SZ,泰达股份
002546.SZ,新联电子
600193.SH,创兴资源
600610.SH,中毅达
000557.SZ,西部创业
600078.SH,澄星股份
002506.SZ,协鑫集成
600868.SH,梅雁吉祥
600973.SH,宝胜股份
000010.SZ,美丽生态
002374.SZ,丽鹏股份
600261.SH,阳光照明
600275.SH,*ST昌鱼
600403.SH,*ST大有
600546.SH,山煤国际
002490.SZ,*ST墨龙
000883.SZ,湖北能源
002266.SZ,浙富控股
002325.SZ,洪涛股份
600175.SH,美都能源
600336.SH,澳柯玛
002486.SZ,嘉麟杰
600812.SH,华北制药
600824.SH,益民集团
002052.SZ,同洲电子
002069.SZ,獐子岛
002663.SZ,普邦股份
000682.SZ,东方电子
002420.SZ,毅昌股份
600239.SH,云南城投
600433.SH,冠豪高新
000068.SZ,华控赛格
600237.SH,铜峰电子
000761.SZ,本钢板材
002162.SZ,悦心健康
600448.SH,华纺股份
600540.SH,*ST新赛
000958.SZ,东方能源
601996.SH,丰林集团
000720.SZ,新能泰山
000750.SZ,国海证券
002487.SZ,大金重工
000545.SZ,金浦钛业
000558.SZ,莱茵体育
600035.SH,楚天高速
600112.SH,*ST天成
600369.SH,西南证券
000595.SZ,*ST宝实
002181.SZ,粤传媒
601588.SH,北辰实业
000157.SZ,中联重科
000592.SZ,平潭发展
002070.SZ,*ST众和
002489.SZ,浙江永强
002133.SZ,广宇集团
002392.SZ,北京利尔
600282.SH,南钢股份
600577.SH,精达股份
000622.SZ,恒立实业
000680.SZ,山推股份
002463.SZ,沪电股份
600582.SH,天地科技
002535.SZ,林州重机
600127.SH,金健米业
601818.SH,光大银行
000850.SZ,华茂股份
002348.SZ,高乐股份
300028.SZ,金亚科技
600300.SH,维维股份
600331.SH,宏达股份
000521.SZ,美菱电器
601008.SH,连云港
600246.SH,万通地产
600339.SH,中油工程
600533.SH,栖霞建设
300066.SZ,三川智慧
300352.SZ,北信源
000589.SZ,黔轮胎A
000927.SZ,一汽夏利
002641.SZ,永高股份
600537.SH,亿晶光电
601988.SH,中国银行
002481.SZ,双塔食品
002228.SZ,合兴包装
600595.SH,中孚实业
600555.SH,海航创新
601179.SH,中国西电
300152.SZ,科融环境
600665.SH,天地源
600780.SH,通宝能源
002204.SZ,大连重工
600252.SH,中恒集团
600586.SH,金晶科技
601107.SH,四川成渝
000631.SZ,顺发恒业
600163.SH,中闽能源
600106.SH,重庆路桥
000718.SZ,苏宁环球
000972.SZ,*ST中基
000425.SZ,徐工机械
000707.SZ,双环科技
000536.SZ,华映科技
000692.SZ,惠天热电
600225.SH,*ST松江
600759.SH,洲际油气
601288.SH,农业银行
601789.SH,宁波建工
600481.SH,双良节能
000563.SZ,陕国投A
002554.SZ,惠博普
300026.SZ,红日药业
601188.SH,龙江交通
600569.SH,安阳钢铁
000517.SZ,荣安地产
000737.SZ,*ST南风
600815.SH,*ST厦工
601618.SH,中国中冶
000509.SZ,华塑控股
000572.SZ,海马汽车
601519.SH,*ST智慧
600982.SH,宁波热电
002218.SZ,拓日新能
600565.SH,迪马股份
000949.SZ,新乡化纤
600170.SH,上海建工
600231.SH,凌钢股份
002593.SZ,日上集团
600575.SH,皖江物流
600792.SH,云煤能源
000862.SZ,银星能源
002305.SZ,南国置业
600025.SH,华能水电
600108.SH,亚盛集团
600190.SH,锦州港
002477.SZ,雏鹰农牧
002021.SZ,中捷资源
601872.SH,招商轮船
000005.SZ,世纪星源
000659.SZ,*ST中富
002471.SZ,中超控股
600039.SH,四川路桥
601991.SH,大唐发电
600313.SH,农发种业
000428.SZ,华天酒店
000859.SZ,国风塑业
600027.SH,华电国际
600017.SH,日照港
600425.SH,*ST青松
300370.SZ,安控科技
600103.SH,青山纸业
600223.SH,鲁商置业
000816.SZ,智慧农业
002132.SZ,恒星科技
300189.SZ,神农基因
600052.SH,浙江广厦
600289.SH,ST信通
000709.SZ,河钢股份
300079.SZ,数码科技
600033.SH,福建高速
600808.SH,马钢股份
601010.SH,文峰股份
000552.SZ,靖远煤电
002239.SZ,奥特佳
000100.SZ,TCL集团
002306.SZ,*ST云网
600496.SH,精工钢构
000966.SZ,长源电力
601388.SH,怡球资源
601616.SH,广电电气
601106.SH,*ST一重
002060.SZ,粤水电
002495.SZ,佳隆股份
600691.SH,阳煤化工
601608.SH,中信重工
600578.SH,京能电力
600724.SH,宁波富达
300135.SZ,宝利国际
600159.SH,大龙地产
600744.SH,华银电力
600743.SH,华远地产
000753.SZ,漳州发展
300048.SZ,合康新能
600077.SH,宋都股份
000809.SZ,*ST新城
600321.SH,正源股份
000520.SZ,长航凤凰
000875.SZ,吉电股份
601518.SH,吉林高速
000585.SZ,东北电气
600063.SH,皖维高新
000882.SZ,华联股份
002504.SZ,*ST弘高
600219.SH,南山铝业
601918.SH,新集能源
000897.SZ,津滨发展
002429.SZ,兆驰股份
000677.SZ,恒天海龙
300111.SZ,向日葵
000903.SZ,云内动力
002613.SZ,北玻股份
601218.SH,吉鑫科技
000422.SZ,湖北宜化
600839.SH,四川长虹
600162.SH,香江控股
300303.SZ,聚飞光电
600370.SH,三房巷
000982.SZ,*ST中绒
600601.SH,方正科技
601016.SH,节能风电
601058.SH,赛轮金宇
601866.SH,中远海发
002498.SZ,汉缆股份
600795.SH,国电电力
002154.SZ,报喜鸟
600654.SH,*ST中安
600317.SH,营口港
600169.SH,太原重工
600726.SH,华电能源
000667.SZ,美好置业
000861.SZ,海印股份
600725.SH,ST云维
601099.SH,太平洋
002131.SZ,利欧股份
002269.SZ,美邦服饰
000420.SZ,吉林化纤
300217.SZ,东方电热
600467.SH,好当家
000767.SZ,漳泽电力
601929.SH,吉视传媒
600397.SH,安源煤业
600220.SH,江苏阳光
600863.SH,内蒙华电
000683.SZ,远兴能源
002505.SZ,大康农业
600396.SH,金山股份
002031.SZ,巨轮智能
000630.SZ,铜陵有色
600166.SH,福田汽车
601880.SH,大连港
600307.SH,酒钢宏兴
600186.SH,莲花健康
000727.SZ,华东科技
600408.SH,安泰集团
002610.SZ,爱康科技
601005.SH,重庆钢铁
601258.SH,庞大集团
600871.SH,石化油服
300185.SZ,通裕重工
600010.SH,包钢股份
600653.SH,申华控股
603077.SH,和邦生物
600022.SH,山东钢铁
600074.SH,ST保千里
600747.SH,*ST大控
000979.SZ,中弘股份
601558.SH,*ST锐电
000019.SZ,深深宝A
000022.SZ,深赤湾A
000029.SZ,深深房A
000031.SZ,中粮地产
000034.SZ,神州数码
000035.SZ,中国天楹
000038.SZ,深大通
000046.SZ,泛海控股
000056.SZ,皇庭国际
000156.SZ,华数传媒
000415.SZ,渤海金控
000506.SZ,中润资源
000511.SZ,*ST烯碳
000516.SZ,国际医学
000526.SZ,*ST紫学
000533.SZ,万家乐
000534.SZ,万泽股份
000540.SZ,中天金融
000547.SZ,航天发展
000564.SZ,供销大集
000566.SZ,海南海药
000593.SZ,大通燃气
000606.SZ,神州易桥
000616.SZ,海航投资
000629.SZ,*ST钒钛
000666.SZ,经纬纺机
000703.SZ,恒逸石化
000711.SZ,京蓝科技
000757.SZ,浩物股份
000766.SZ,通化金马
000779.SZ,三毛派神
000793.SZ,华闻传媒
000796.SZ,凯撒旅游
000812.SZ,陕西金叶
000890.SZ,法尔胜
000900.SZ,现代投资
000912.SZ,*ST天化
000930.SZ,中粮生化
000939.SZ,凯迪生态
000950.SZ,*ST建峰
000962.SZ,东方钽业
002005.SZ,德豪润达
002018.SZ,华信国际
002034.SZ,旺能环境
002047.SZ,宝鹰股份
002059.SZ,云南旅游
002072.SZ,凯瑞德
002075.SZ,沙钢股份
002082.SZ,万邦德
002085.SZ,万丰奥威
002098.SZ,浔兴股份
002103.SZ,广博股份
002110.SZ,三钢闽光
002113.SZ,天润数娱
002121.SZ,科陆电子
002122.SZ,天马股份
002128.SZ,露天煤业
002143.SZ,印纪传媒
002147.SZ,新光圆成
002161.SZ,远望谷
002163.SZ,中航三鑫
002168.SZ,深圳惠程
002198.SZ,嘉应制药
002210.SZ,飞马国际
002212.SZ,南洋股份
002213.SZ,特尔佳
002219.SZ,恒康医疗
002252.SZ,上海莱士
002256.SZ,兆新股份
002259.SZ,升达林业
002260.SZ,德奥通航
002263.SZ,大东南
002301.SZ,齐心集团
002309.SZ,中利集团
002312.SZ,*ST三泰
002345.SZ,潮宏基
002357.SZ,富临运业
002366.SZ,台海核电
002382.SZ,蓝帆医疗
002384.SZ,东山精密
002413.SZ,雷科防务
002423.SZ,中原特钢
002437.SZ,誉衡药业
002450.SZ,康得新
002451.SZ,摩恩电气
002464.SZ,众应互联
002507.SZ,涪陵榨菜
002515.SZ,金字火腿
002520.SZ,日发精机
002524.SZ,光正集团
002532.SZ,新界泵业
002545.SZ,东方铁塔
002560.SZ,通达股份
002575.SZ,群兴玩具
002578.SZ,闽发铝业
002580.SZ,圣阳股份
002584.SZ,西陇科学
002592.SZ,八菱科技
002601.SZ,龙蟒佰利
002604.SZ,ST龙力
002607.SZ,亚夏汽车
002619.SZ,艾格拉斯
002622.SZ,融钰集团
002647.SZ,民盛金科
002650.SZ,加加食品
002656.SZ,摩登大道
002661.SZ,克明面业
002662.SZ,京威股份
002692.SZ,睿康股份
002699.SZ,美盛文化
002721.SZ,金一文化
002726.SZ,龙大肉食
002739.SZ,万达电影
002765.SZ,蓝黛传动
002770.SZ,科迪乳业
002775.SZ,文科园林
002799.SZ,环球印务
002851.SZ,麦格米特
002857.SZ,三晖电气
002866.SZ,传艺科技
002930.SZ,宏川智慧
002931.SZ,锋龙股份
300004.SZ,南风股份
300016.SZ,北陆药业
300032.SZ,金龙机电
300038.SZ,梅泰诺
300049.SZ,福瑞股份
300056.SZ,三维丝
300067.SZ,安诺其
300071.SZ,华谊嘉信
300086.SZ,康芝药业
300089.SZ,文化长城
300090.SZ,盛运环保
300100.SZ,双林股份
300103.SZ,达刚路机
300104.SZ,乐视网
300116.SZ,坚瑞沃能
300128.SZ,锦富技术
300146.SZ,汤臣倍健
300173.SZ,智慧松德
300198.SZ,纳川股份
300207.SZ,欣旺达
300225.SZ,金力泰
300238.SZ,冠昊生物
300240.SZ,飞力达
300266.SZ,兴源环境
300280.SZ,南通锻压
300290.SZ,荣科科技
300301.SZ,长方集团
300312.SZ,邦讯技术
300317.SZ,珈伟股份
300325.SZ,德威新材
300337.SZ,银邦股份
300341.SZ,麦迪电气
300392.SZ,腾信股份
300409.SZ,道氏技术
300410.SZ,正业科技
300411.SZ,金盾股份
300423.SZ,鲁亿通
300441.SZ,鲍斯股份
300444.SZ,双杰电气
300455.SZ,康拓红外
300464.SZ,星徽精密
300491.SZ,通合科技
300504.SZ,天邑股份
300578.SZ,会畅通讯
300586.SZ,美联新材
300593.SZ,新雷能
300646.SZ,侨源气体
300656.SZ,民德电子
300659.SZ,中孚信息
300662.SZ,科锐国际
300688.SZ,创业黑马
300728.SZ,天常股份
600051.SH,宁波联合
600069.SH,银鸽投资
600076.SH,康欣新材
600084.SH,中葡股份
600086.SH,东方金钰
600113.SH,浙江东日
600133.SH,东湖高新
600145.SH,*ST新亿
600148.SH,长春一东
600157.SH,永泰能源
600165.SH,新日恒力
600221.SH,海航控股
600226.SH,瀚叶股份
600241.SH,时代万恒
600255.SH,梦舟股份
600256.SH,广汇能源
600257.SH,大湖股份
600290.SH,华仪电气
600306.SH,商业城
600309.SH,万华化学
600318.SH,新力金融
600378.SH,天科股份
600393.SH,粤泰股份
600399.SH,抚顺特钢
600401.SH,*ST海润
600423.SH,*ST柳化
600432.SH,*ST吉恩
600485.SH,信威集团
600512.SH,腾达建设
600515.SH,海航基础
600539.SH,狮头股份
600568.SH,中珠医疗
600614.SH,鹏起科技
600666.SH,奥瑞德
600682.SH,南京新百
600701.SH,工大高新
600711.SH,盛屯矿业
600729.SH,重庆百货
600733.SH,SST前锋
600734.SH,实达集团
600735.SH,新华锦
600751.SH,天海投资
600753.SH,东方银星
600777.SH,新潮能源
600784.SH,鲁银投资
600794.SH,保税科技
600798.SH,宁波海运
600806.SH,*ST昆机
600807.SH,天业股份
600856.SH,中天能源
600866.SH,星湖科技
600870.SH,厦华电子
600877.SH,*ST嘉陵
600880.SH,博瑞传播
600960.SH,渤海活塞
600987.SH,航民股份
601020.SH,华钰矿业
601206.SH,海尔施
601216.SH,君正集团
601619.SH,嘉泽新能
603021.SH,山东华鹏
603032.SH,德新交运
603033.SH,三维股份
603066.SH,音飞储存
603214.SH,爱婴室
603222.SH,济民制药
603301.SH,振德医疗
603302.SH,鑫广绿环
603309.SH,维力医疗
603318.SH,派思股份
603393.SH,新天然气
603398.SH,邦宝益智
603508.SH,思维列控
603520.SH,司太立
603538.SH,美诺华
603587.SH,地素时尚
603596.SH,伯特利
603603.SH,博天环境
603659.SH,璞泰来
603667.SH,五洲新春
603690.SH,至纯科技
603696.SH,安记食品
603718.SH,海利生物
603773.SH,沃格光电
603822.SH,嘉澳环保
603843.SH,正平股份
603887.SH,城地股份
603897.SH,长城科技
603955.SH,大千生态
603998.SH,方盛制药
